model_key,model_name,run_day,leadtime_hr,lead_label,date_time,rmse,mae,mape,r,n_grid_cells,region,variable,units
ifs,IFS,01,144,144h Lead,2025-01-07 00:00:00,2.083287148722975,1.4894294702122366,58.380387441026485,0.20674580812668666,492.0,CA,wind_speed,m/s
ifs,IFS,01,144,144h Lead,2025-01-07 06:00:00,3.046862481971001,2.038359047291144,87.12802109421774,0.2738544562186095,491.0,CA,wind_speed,m/s
ifs,IFS,01,144,144h Lead,2025-01-07 12:00:00,3.443616948118845,2.3729534470286917,111.6663951475168,0.2365739148502519,492.0,CA,wind_speed,m/s
ifs,IFS,01,144,144h Lead,2025-01-07 18:00:00,3.6615079282808978,2.5516375823940094,73.99287453173233,0.33835521054267315,493.0,CA,wind_speed,m/s
ifs,IFS,01,144,144h Lead,2025-01-08 00:00:00,2.6203780622042707,1.76651186544857,117.54541543147519,0.6341639996721312,492.0,CA,wind_speed,m/s
ifs,IFS,01,144,144h Lead,2025-01-08 06:00:00,2.9322755778399463,2.1123467525957444,79.86018612899062,0.5667977629940542,494.0,CA,wind_speed,m/s
ifs,IFS,01,144,144h Lead,2025-01-08 12:00:00,3.155996614224768,2.13362304376991,89.53775370044714,0.4464710446399833,492.0,CA,wind_speed,m/s
ifs,IFS,01,144,144h Lead,2025-01-08 18:00:00,2.627500180110601,1.7671514313448877,75.21652378755766,0.6041029852602527,493.0,CA,wind_speed,m/s
ifs,IFS,01,144,144h Lead,2025-01-09 00:00:00,1.9949465876561525,1.3923277971816475,71.88399394177705,0.585132678587283,493.0,CA,wind_speed,m/s
ifs,IFS,01,144,144h Lead,2025-01-09 06:00:00,2.0337700633222418,1.4675760257282648,215.49743416690274,0.24508170555781958,493.0,CA,wind_speed,m/s
ifs,IFS,01,144,144h Lead,2025-01-09 12:00:00,2.7346455294089727,1.830197804975824,90.0046028535479,0.22478298720094583,493.0,CA,wind_speed,m/s
ifs,IFS,01,144,144h Lead,2025-01-09 18:00:00,2.876303856506842,1.9133543274128266,96.59831516718393,0.4760720583843117,491.0,CA,wind_speed,m/s
ifs,IFS,01,144,144h Lead,2025-01-10 00:00:00,2.561328310506485,1.8193951422893784,75.12971526209165,0.5354433402158977,492.0,CA,wind_speed,m/s
ifs,IFS,01,144,144h Lead,2025-01-10 06:00:00,2.7425372246314734,1.930436626537637,114.35379116130385,0.2855667770309761,493.0,CA,wind_speed,m/s
ifs,IFS,01,144,144h Lead,2025-01-10 12:00:00,2.178192435609273,1.6271904003550346,102.61023652656678,0.17872934823082767,491.0,CA,wind_speed,m/s
ifs,IFS,01,144,144h Lead,2025-01-10 18:00:00,1.8057144018917233,1.3449985259819526,104.2715990171704,0.3398250805037327,491.0,CA,wind_speed,m/s
ifs,IFS,01,144,144h Lead,2025-01-11 00:00:00,2.369783592686137,1.7940861523052964,71.67304689437,0.06341045318516043,492.0,CA,wind_speed,m/s
ifs,IFS,03,96,96h Lead,2025-01-07 00:00:00,2.180150082058978,1.566363120393835,58.97603509849437,0.1562398974588447,492.0,CA,wind_speed,m/s
ifs,IFS,03,96,96h Lead,2025-01-07 06:00:00,3.2016341760967912,2.109546354177072,89.24648955051263,0.1949230849680747,491.0,CA,wind_speed,m/s
ifs,IFS,03,96,96h Lead,2025-01-07 12:00:00,3.3658012686205496,2.3074352977782246,137.3654493904421,0.26237319742726145,492.0,CA,wind_speed,m/s
ifs,IFS,03,96,96h Lead,2025-01-07 18:00:00,3.4777053566066014,2.463974321763547,79.91039929712443,0.3145410600672942,493.0,CA,wind_speed,m/s
ifs,IFS,03,96,96h Lead,2025-01-08 00:00:00,2.865550770277091,2.098974842127655,147.1089382496861,0.49085187349383813,492.0,CA,wind_speed,m/s
ifs,IFS,03,96,96h Lead,2025-01-08 06:00:00,3.237013950965947,2.3319198425165433,112.56387049879213,0.4459653091191223,494.0,CA,wind_speed,m/s
ifs,IFS,03,96,96h Lead,2025-01-08 12:00:00,3.4825542421279434,2.5195442869846625,136.86715135601105,0.38925508576332557,492.0,CA,wind_speed,m/s
ifs,IFS,03,96,96h Lead,2025-01-08 18:00:00,3.0207841529837705,2.303295731589833,152.70487115490266,0.5933587103421425,493.0,CA,wind_speed,m/s
ifs,IFS,03,96,96h Lead,2025-01-09 00:00:00,2.4712376120176653,1.7821799914671852,112.78093026775767,0.569505740302399,493.0,CA,wind_speed,m/s
ifs,IFS,03,96,96h Lead,2025-01-09 06:00:00,2.5317010545337886,1.85758913023318,325.73722282413024,0.22249008832874498,493.0,CA,wind_speed,m/s
ifs,IFS,03,96,96h Lead,2025-01-09 12:00:00,2.7643172861236742,1.8666533043279367,97.50809892816582,0.28040263988484765,493.0,CA,wind_speed,m/s
ifs,IFS,03,96,96h Lead,2025-01-09 18:00:00,2.686079392820644,1.8284897857673785,100.68571920197098,0.5057234776652848,491.0,CA,wind_speed,m/s
ifs,IFS,03,96,96h Lead,2025-01-10 00:00:00,2.5898617132012665,1.8363475057152592,77.20025874918481,0.49240195264650216,492.0,CA,wind_speed,m/s
ifs,IFS,03,96,96h Lead,2025-01-10 06:00:00,2.60461354456297,1.8631092638804996,108.7940389432242,0.37199968061970373,493.0,CA,wind_speed,m/s
ifs,IFS,03,96,96h Lead,2025-01-10 12:00:00,1.9426307041155453,1.4664630007279502,87.68520275605331,0.37861162127579656,491.0,CA,wind_speed,m/s
ifs,IFS,03,96,96h Lead,2025-01-10 18:00:00,1.6838802339860808,1.2025679783116032,75.26291718989326,0.49203231610478426,491.0,CA,wind_speed,m/s
ifs,IFS,03,96,96h Lead,2025-01-11 00:00:00,2.49814386822502,1.8846389940387107,70.3532828342113,0.028179177277641455,492.0,CA,wind_speed,m/s
ifs,IFS,05,48,48h Lead,2025-01-07 00:00:00,1.7040286856589362,1.2004609342846202,52.277458965224554,0.43747789129785913,492.0,CA,wind_speed,m/s
ifs,IFS,05,48,48h Lead,2025-01-07 06:00:00,2.514195144639348,1.6517257347300862,97.69715687795573,0.5024870315902623,491.0,CA,wind_speed,m/s
ifs,IFS,05,48,48h Lead,2025-01-07 12:00:00,2.744655980188439,1.7699308392508486,91.30384301995898,0.5196987352237356,492.0,CA,wind_speed,m/s
ifs,IFS,05,48,48h Lead,2025-01-07 18:00:00,2.8238710847316244,1.9432627376750806,68.27015682379555,0.5497820465187208,493.0,CA,wind_speed,m/s
ifs,IFS,05,48,48h Lead,2025-01-08 00:00:00,2.6419669770800986,1.840760283940661,139.3720889947475,0.6054942942346921,492.0,CA,wind_speed,m/s
ifs,IFS,05,48,48h Lead,2025-01-08 06:00:00,2.7948580421191402,1.9703988005833226,81.64849418308792,0.568906597430668,494.0,CA,wind_speed,m/s
ifs,IFS,05,48,48h Lead,2025-01-08 12:00:00,2.8608454089996105,1.9394310884067896,91.0122088650467,0.547712010976332,492.0,CA,wind_speed,m/s
ifs,IFS,05,48,48h Lead,2025-01-08 18:00:00,2.410240910638251,1.617326210058364,77.67302028394994,0.6359247940619853,493.0,CA,wind_speed,m/s
ifs,IFS,05,48,48h Lead,2025-01-09 00:00:00,1.80761640008148,1.255448419064223,70.02546684764482,0.6383630200896827,493.0,CA,wind_speed,m/s
ifs,IFS,05,48,48h Lead,2025-01-09 06:00:00,1.8782308695639918,1.34080231110197,165.22113384038275,0.30077285027925704,493.0,CA,wind_speed,m/s
ifs,IFS,05,48,48h Lead,2025-01-09 12:00:00,2.6091443548637905,1.7163146469009092,79.79248611773507,0.2892986304534931,493.0,CA,wind_speed,m/s
ifs,IFS,05,48,48h Lead,2025-01-09 18:00:00,2.5761815861989135,1.7207056646920027,89.99747258988322,0.6022844967293424,491.0,CA,wind_speed,m/s
ifs,IFS,05,48,48h Lead,2025-01-10 00:00:00,2.388957796426217,1.6723812187045086,66.59586175054667,0.643660501742845,492.0,CA,wind_speed,m/s
ifs,IFS,05,48,48h Lead,2025-01-10 06:00:00,2.7009717561811613,1.868169568071017,96.09100349263935,0.3783757317046409,493.0,CA,wind_speed,m/s
ifs,IFS,05,48,48h Lead,2025-01-10 12:00:00,1.9553949861959332,1.4262327561287738,70.06248183653551,0.395139385927882,491.0,CA,wind_speed,m/s
ifs,IFS,05,48,48h Lead,2025-01-10 18:00:00,1.889388631326805,1.34595142574905,109.21353900618725,0.252888630070944,491.0,CA,wind_speed,m/s
ifs,IFS,05,48,48h Lead,2025-01-11 00:00:00,1.9580336250103823,1.4348724974485916,56.39916195423734,0.34275307899581997,492.0,CA,wind_speed,m/s
ifs,IFS,06,24,24h Lead,2025-01-07 00:00:00,1.6703037556901559,1.1621101875373019,54.08840042709735,0.4456516193813378,492.0,CA,wind_speed,m/s
ifs,IFS,06,24,24h Lead,2025-01-07 06:00:00,2.417936383945238,1.59342752191828,95.72239536189116,0.528211748960389,491.0,CA,wind_speed,m/s
ifs,IFS,06,24,24h Lead,2025-01-07 12:00:00,2.668354069898524,1.740981082348683,117.30410047888972,0.5155293411630235,492.0,CA,wind_speed,m/s
ifs,IFS,06,24,24h Lead,2025-01-07 18:00:00,2.6071470985354654,1.7801608492981107,66.73063632229498,0.6177281275959093,493.0,CA,wind_speed,m/s
ifs,IFS,06,24,24h Lead,2025-01-08 00:00:00,2.5181300661901815,1.7412154922693424,113.19913109669952,0.6418238523033957,492.0,CA,wind_speed,m/s
ifs,IFS,06,24,24h Lead,2025-01-08 06:00:00,2.8114536654982984,1.9480871927023296,77.24904765954082,0.5818806372560494,494.0,CA,wind_speed,m/s
ifs,IFS,06,24,24h Lead,2025-01-08 12:00:00,2.929085819093578,1.9516375658757288,92.0530719384913,0.5319087822588837,492.0,CA,wind_speed,m/s
ifs,IFS,06,24,24h Lead,2025-01-08 18:00:00,2.507418032286533,1.6214989588405129,71.22028986239451,0.6243053623567443,493.0,CA,wind_speed,m/s
ifs,IFS,06,24,24h Lead,2025-01-09 00:00:00,2.032628074463495,1.371346401870553,68.38150905961827,0.5470424393221349,493.0,CA,wind_speed,m/s
ifs,IFS,06,24,24h Lead,2025-01-09 06:00:00,1.9570206896811044,1.3791627489411957,183.4982982407594,0.2360065538831995,493.0,CA,wind_speed,m/s
ifs,IFS,06,24,24h Lead,2025-01-09 12:00:00,2.549907765795346,1.709335750614956,89.38344495751866,0.36003111826950834,493.0,CA,wind_speed,m/s
ifs,IFS,06,24,24h Lead,2025-01-09 18:00:00,2.356549189477923,1.5962675616919024,102.93439259152619,0.614917287966875,491.0,CA,wind_speed,m/s
ifs,IFS,06,24,24h Lead,2025-01-10 00:00:00,2.197307898433775,1.5064434936436695,66.57826835341861,0.6346103676638891,492.0,CA,wind_speed,m/s
ifs,IFS,06,24,24h Lead,2025-01-10 06:00:00,2.5452591440245125,1.7800383470181762,98.54746476614713,0.42456081332387946,493.0,CA,wind_speed,m/s
ifs,IFS,06,24,24h Lead,2025-01-10 12:00:00,1.8871673982662638,1.3747057438412655,76.65132512047292,0.421739897296795,491.0,CA,wind_speed,m/s
ifs,IFS,06,24,24h Lead,2025-01-10 18:00:00,1.734917651741349,1.2352161166948588,95.25504404214144,0.4738474590207602,491.0,CA,wind_speed,m/s
ifs,IFS,06,24,24h Lead,2025-01-11 00:00:00,1.9221666260102932,1.3897529704102534,55.10870776636963,0.3826625071766183,492.0,CA,wind_speed,m/s
ifs,IFS,07,0,0h Lead,2025-01-07 00:00:00,1.6203037085490406,1.1169047182107843,52.92946076022377,0.4535517372727982,492.0,CA,wind_speed,m/s
ifs,IFS,07,0,0h Lead,2025-01-07 06:00:00,2.422165734729349,1.6095524808304675,93.91609044887524,0.5435807000028398,491.0,CA,wind_speed,m/s
ifs,IFS,07,0,0h Lead,2025-01-07 12:00:00,2.6008149612689224,1.7052073984187308,111.18547478227691,0.5462444615943577,492.0,CA,wind_speed,m/s
ifs,IFS,07,0,0h Lead,2025-01-07 18:00:00,2.609659522249235,1.7707175634060863,64.07922625158011,0.6020644411955195,493.0,CA,wind_speed,m/s
ifs,IFS,07,0,0h Lead,2025-01-08 00:00:00,2.5515814118508735,1.7583249377018613,113.88676399632062,0.6304869340384288,492.0,CA,wind_speed,m/s
ifs,IFS,07,0,0h Lead,2025-01-08 06:00:00,2.7130474219671177,1.9043669613221517,85.5580927460192,0.606736469002392,494.0,CA,wind_speed,m/s
ifs,IFS,07,0,0h Lead,2025-01-08 12:00:00,2.88504736048154,1.9525498029552553,95.26611228812548,0.533399754319246,492.0,CA,wind_speed,m/s
ifs,IFS,07,0,0h Lead,2025-01-08 18:00:00,2.3287232982059467,1.5435567125149117,70.4428210858802,0.6686803233259113,493.0,CA,wind_speed,m/s
ifs,IFS,07,0,0h Lead,2025-01-09 00:00:00,1.8790263550964552,1.2845201481050579,68.93242436175241,0.613352926992943,493.0,CA,wind_speed,m/s
ifs,IFS,07,0,0h Lead,2025-01-09 06:00:00,1.8555311147489564,1.3552383895657398,198.18947128996618,0.3220761360243828,493.0,CA,wind_speed,m/s
ifs,IFS,07,0,0h Lead,2025-01-09 12:00:00,2.5584238345204353,1.690764289523114,79.52868017367733,0.3448770419293733,493.0,CA,wind_speed,m/s
ifs,IFS,07,0,0h Lead,2025-01-09 18:00:00,2.6896364253963725,1.8124681548680162,97.77035797619588,0.5583377526885545,491.0,CA,wind_speed,m/s
ifs,IFS,07,0,0h Lead,2025-01-10 00:00:00,2.368294292828572,1.6283121162692342,66.07303883702976,0.6341261911638828,492.0,CA,wind_speed,m/s
ifs,IFS,07,0,0h Lead,2025-01-10 06:00:00,2.6402968115221794,1.857678887681775,96.98499085371327,0.38370598081516605,493.0,CA,wind_speed,m/s
ifs,IFS,07,0,0h Lead,2025-01-10 12:00:00,1.8239660372252373,1.3493967145044061,71.88584298947414,0.49346655767601855,491.0,CA,wind_speed,m/s
ifs,IFS,07,0,0h Lead,2025-01-10 18:00:00,1.7120470654467859,1.2082638888934707,102.37828972111458,0.44924778086496703,491.0,CA,wind_speed,m/s
ifs,IFS,07,0,0h Lead,2025-01-11 00:00:00,1.843159374468732,1.3443185228899848,56.59928083099154,0.40491621724752935,492.0,CA,wind_speed,m/s
nbm,NBM,01,144,144h Lead,2025-01-07 00:00:00,1.546613143832097,1.101742284175584,56.89932188618986,0.44091664780175366,492.0,CA,wind_speed,m/s
nbm,NBM,01,144,144h Lead,2025-01-07 06:00:00,2.4982584731491886,1.675622716580201,115.4444489899284,0.44377617937042363,491.0,CA,wind_speed,m/s
nbm,NBM,01,144,144h Lead,2025-01-07 12:00:00,2.85729472731079,1.9653704029515506,84.07337051947594,0.41068519408475,492.0,CA,wind_speed,m/s
nbm,NBM,01,144,144h Lead,2025-01-07 18:00:00,2.8398633901708865,1.8978664443561803,68.00474686123805,0.540158375226359,493.0,CA,wind_speed,m/s
nbm,NBM,01,144,144h Lead,2025-01-08 00:00:00,2.7687561823236253,1.8794280719958487,91.71608415858195,0.6139713029276909,492.0,CA,wind_speed,m/s
nbm,NBM,01,144,144h Lead,2025-01-08 06:00:00,3.06940800937524,2.1368720271372,81.11373747902968,0.43194769540271494,494.0,CA,wind_speed,m/s
nbm,NBM,01,144,144h Lead,2025-01-08 12:00:00,2.9204272522614105,1.953324083630677,104.66565802873416,0.4792255578116368,492.0,CA,wind_speed,m/s
nbm,NBM,01,144,144h Lead,2025-01-08 18:00:00,2.336461963362779,1.5964142986352254,79.65241930050296,0.6483348334587429,493.0,CA,wind_speed,m/s
nbm,NBM,01,144,144h Lead,2025-01-09 00:00:00,1.6196974429568582,1.1218636234273895,63.45875910447787,0.6546940894423824,493.0,CA,wind_speed,m/s
nbm,NBM,01,144,144h Lead,2025-01-09 06:00:00,1.7960583775898418,1.2798533858920298,217.7672899091631,0.39721858443306995,493.0,CA,wind_speed,m/s
nbm,NBM,01,144,144h Lead,2025-01-09 12:00:00,2.3298296518340007,1.4922076716535473,79.08244474542269,0.3979968838521923,493.0,CA,wind_speed,m/s
nbm,NBM,01,144,144h Lead,2025-01-09 18:00:00,2.5082074095060696,1.6453038265135769,103.02781034296216,0.566749176144153,491.0,CA,wind_speed,m/s
nbm,NBM,01,144,144h Lead,2025-01-10 00:00:00,2.344892416706723,1.575909358290274,59.92515106530787,0.590117941599141,492.0,CA,wind_speed,m/s
nbm,NBM,01,144,144h Lead,2025-01-10 06:00:00,2.348036123689398,1.6517153138155023,115.85908811282297,0.43692284316090607,493.0,CA,wind_speed,m/s
nbm,NBM,01,144,144h Lead,2025-01-10 12:00:00,1.837987006263305,1.3144147493506644,77.8165153373312,0.32210478861014386,491.0,CA,wind_speed,m/s
nbm,NBM,01,144,144h Lead,2025-01-10 18:00:00,1.4795730149963984,1.0692881384358008,105.78424929153802,0.4579191620069744,491.0,CA,wind_speed,m/s
nbm,NBM,01,144,144h Lead,2025-01-11 00:00:00,1.7466473829460192,1.2241289740716055,52.1855796598516,0.2959729873326032,492.0,CA,wind_speed,m/s
nbm,NBM,03,96,96h Lead,2025-01-07 00:00:00,1.5938815807787605,1.1308623451466968,57.87508050579282,0.4085115814846918,492.0,CA,wind_speed,m/s
nbm,NBM,03,96,96h Lead,2025-01-07 06:00:00,2.4818554303228235,1.707182784494612,121.5273103327214,0.4533773809033828,491.0,CA,wind_speed,m/s
nbm,NBM,03,96,96h Lead,2025-01-07 12:00:00,2.7853810582938103,1.9567068616549175,90.78695728145453,0.43960047248111145,492.0,CA,wind_speed,m/s
nbm,NBM,03,96,96h Lead,2025-01-07 18:00:00,2.671244135427295,1.8137203620758067,73.9374714258566,0.5619424391445217,493.0,CA,wind_speed,m/s
nbm,NBM,03,96,96h Lead,2025-01-08 00:00:00,2.4952436105960922,1.721825247603976,101.37473001080805,0.6354980085801603,492.0,CA,wind_speed,m/s
nbm,NBM,03,96,96h Lead,2025-01-08 06:00:00,2.9624327921944906,2.1105469036244067,90.96029704673872,0.48418157827297253,494.0,CA,wind_speed,m/s
nbm,NBM,03,96,96h Lead,2025-01-08 12:00:00,2.810930221241673,1.9182928540096504,106.09055683862448,0.5203802771675734,492.0,CA,wind_speed,m/s
nbm,NBM,03,96,96h Lead,2025-01-08 18:00:00,2.1545392204371856,1.487416828651941,77.70515443217245,0.6907544348097134,493.0,CA,wind_speed,m/s
nbm,NBM,03,96,96h Lead,2025-01-09 00:00:00,1.5934017662214066,1.1147965140882539,60.10673598877093,0.6695318765415937,493.0,CA,wind_speed,m/s
nbm,NBM,03,96,96h Lead,2025-01-09 06:00:00,1.9435716779393337,1.3922483018272638,208.01566847931926,0.4125050462475264,493.0,CA,wind_speed,m/s
nbm,NBM,03,96,96h Lead,2025-01-09 12:00:00,2.3765009545192033,1.5805382633819782,88.4941767081242,0.40242489045274,493.0,CA,wind_speed,m/s
nbm,NBM,03,96,96h Lead,2025-01-09 18:00:00,2.397787785297772,1.6243228974719883,104.87052036268378,0.5788675066868341,491.0,CA,wind_speed,m/s
nbm,NBM,03,96,96h Lead,2025-01-10 00:00:00,2.172215355891787,1.5055105697242468,59.82619699778237,0.620974287833885,492.0,CA,wind_speed,m/s
nbm,NBM,03,96,96h Lead,2025-01-10 06:00:00,2.282772752155302,1.6184409380518279,123.83232288383907,0.46662850668508443,493.0,CA,wind_speed,m/s
nbm,NBM,03,96,96h Lead,2025-01-10 12:00:00,1.8508553941689379,1.3242319161622442,81.73309612738005,0.34475345909759403,491.0,CA,wind_speed,m/s
nbm,NBM,03,96,96h Lead,2025-01-10 18:00:00,1.4905830021815867,1.090234487496749,110.0321743287218,0.4675625223434955,491.0,CA,wind_speed,m/s
nbm,NBM,03,96,96h Lead,2025-01-11 00:00:00,1.7696796224258426,1.241646729985146,53.22553101000587,0.28682377222676925,492.0,CA,wind_speed,m/s
nbm,NBM,05,48,48h Lead,2025-01-07 00:00:00,1.5247707823704664,1.062318729342726,52.71914243709189,0.47435623118515324,492.0,CA,wind_speed,m/s
nbm,NBM,05,48,48h Lead,2025-01-07 06:00:00,2.3889837067423243,1.5655617677547842,106.02865908317773,0.5153542926765935,491.0,CA,wind_speed,m/s
nbm,NBM,05,48,48h Lead,2025-01-07 12:00:00,2.657620936026962,1.8165732223570832,84.15009962646127,0.4990548155542851,492.0,CA,wind_speed,m/s
nbm,NBM,05,48,48h Lead,2025-01-07 18:00:00,2.670445556432676,1.8011565531394302,81.8690477183529,0.5653065423554501,493.0,CA,wind_speed,m/s
nbm,NBM,05,48,48h Lead,2025-01-08 00:00:00,2.4095184953235558,1.6833577885262183,110.68773601678245,0.6559918418890939,492.0,CA,wind_speed,m/s
nbm,NBM,05,48,48h Lead,2025-01-08 06:00:00,3.1406731608376264,2.151022208417174,102.58246477614057,0.5220266227142747,494.0,CA,wind_speed,m/s
nbm,NBM,05,48,48h Lead,2025-01-08 12:00:00,3.102260316917971,2.1120947397075502,135.42933994178824,0.5353929340547023,492.0,CA,wind_speed,m/s
nbm,NBM,05,48,48h Lead,2025-01-08 18:00:00,2.4888650215057897,1.798221560841158,102.98319305570018,0.7144826469578028,493.0,CA,wind_speed,m/s
nbm,NBM,05,48,48h Lead,2025-01-09 00:00:00,1.8154940675651394,1.2649296843210656,74.43209212163393,0.6938386159851732,493.0,CA,wind_speed,m/s
nbm,NBM,05,48,48h Lead,2025-01-09 06:00:00,2.1303980019008844,1.555008876008977,251.32998832856416,0.42495884697732217,493.0,CA,wind_speed,m/s
nbm,NBM,05,48,48h Lead,2025-01-09 12:00:00,2.396990071644636,1.6036657614380303,93.93193851319516,0.4386147233499339,493.0,CA,wind_speed,m/s
nbm,NBM,05,48,48h Lead,2025-01-09 18:00:00,2.2870534996371252,1.5874640015228945,118.20479302292296,0.605708029724647,491.0,CA,wind_speed,m/s
nbm,NBM,05,48,48h Lead,2025-01-10 00:00:00,1.9231925360574746,1.3674865835232706,63.05316679030367,0.6740170913668239,492.0,CA,wind_speed,m/s
nbm,NBM,05,48,48h Lead,2025-01-10 06:00:00,2.300048839285515,1.6109656139709523,141.57669314250057,0.49433507792400055,493.0,CA,wind_speed,m/s
nbm,NBM,05,48,48h Lead,2025-01-10 12:00:00,1.9506564313375585,1.372279100135242,89.33369988807846,0.40397986798234453,491.0,CA,wind_speed,m/s
nbm,NBM,05,48,48h Lead,2025-01-10 18:00:00,1.5132157601969116,1.0978767932923756,107.92685694950848,0.5213392325948445,491.0,CA,wind_speed,m/s
nbm,NBM,05,48,48h Lead,2025-01-11 00:00:00,1.8184505609958084,1.2863253829016434,56.49603722467583,0.267594044029896,492.0,CA,wind_speed,m/s
nbm,NBM,06,24,24h Lead,2025-01-07 00:00:00,1.4138928095974583,0.9959074190053029,53.696120765000586,0.5615140701994465,492.0,CA,wind_speed,m/s
nbm,NBM,06,24,24h Lead,2025-01-07 06:00:00,2.2809895822559523,1.5528778133386567,114.1600514460295,0.567075684183315,491.0,CA,wind_speed,m/s
nbm,NBM,06,24,24h Lead,2025-01-07 12:00:00,2.683935180366502,1.8660951330652082,81.83528299616842,0.528124522903058,492.0,CA,wind_speed,m/s
nbm,NBM,06,24,24h Lead,2025-01-07 18:00:00,2.8422287732404725,1.918791834907285,83.98849216294532,0.6009370615203387,493.0,CA,wind_speed,m/s
nbm,NBM,06,24,24h Lead,2025-01-08 00:00:00,2.5559928063739923,1.7685646134186384,102.294254509145,0.674277663275164,492.0,CA,wind_speed,m/s
nbm,NBM,06,24,24h Lead,2025-01-08 06:00:00,2.987244347811697,2.0908651819399857,91.15692143497832,0.5822286752928014,494.0,CA,wind_speed,m/s
nbm,NBM,06,24,24h Lead,2025-01-08 12:00:00,2.8972210101717977,1.972413668603962,113.2966045421246,0.5832204582323779,492.0,CA,wind_speed,m/s
nbm,NBM,06,24,24h Lead,2025-01-08 18:00:00,2.26325682444897,1.6363287303619405,91.05564311636704,0.7176052039158494,493.0,CA,wind_speed,m/s
nbm,NBM,06,24,24h Lead,2025-01-09 00:00:00,1.6653873838548825,1.1859511401254919,68.43322148888437,0.701083198806861,493.0,CA,wind_speed,m/s
nbm,NBM,06,24,24h Lead,2025-01-09 06:00:00,1.9584966323528474,1.3822488772454264,222.21149778250705,0.4382734990081542,493.0,CA,wind_speed,m/s
nbm,NBM,06,24,24h Lead,2025-01-09 12:00:00,2.39254427525644,1.6028534098552885,89.13439184667536,0.44475700087693737,493.0,CA,wind_speed,m/s
nbm,NBM,06,24,24h Lead,2025-01-09 18:00:00,2.249411406367883,1.5680049446443676,105.29041426052702,0.6283286522637036,491.0,CA,wind_speed,m/s
nbm,NBM,06,24,24h Lead,2025-01-10 00:00:00,2.0573390588903573,1.4392341913397961,54.653312811717,0.686213570295399,492.0,CA,wind_speed,m/s
nbm,NBM,06,24,24h Lead,2025-01-10 06:00:00,2.276988829924783,1.58326403232212,111.19627503881158,0.5009084417015691,493.0,CA,wind_speed,m/s
nbm,NBM,06,24,24h Lead,2025-01-10 12:00:00,1.7010535167752099,1.2315612806200738,67.0540011636046,0.4632586501634738,491.0,CA,wind_speed,m/s
nbm,NBM,06,24,24h Lead,2025-01-10 18:00:00,1.4993709143235263,1.024193697367167,92.44293192397974,0.4738678464900983,491.0,CA,wind_speed,m/s
nbm,NBM,06,24,24h Lead,2025-01-11 00:00:00,1.64522341806968,1.166428160104083,54.186617282935444,0.39651017807457306,492.0,CA,wind_speed,m/s
nbm,NBM,07,0,0h Lead,2025-01-07 06:00:00,2.2189081170699847,1.525254899279315,115.99255258294525,0.61757181768465,491.0,CA,wind_speed,m/s
nbm,NBM,07,0,0h Lead,2025-01-07 12:00:00,2.6949260889240407,1.8593865245944117,93.08567234545548,0.566204151543148,492.0,CA,wind_speed,m/s
nbm,NBM,07,0,0h Lead,2025-01-07 18:00:00,2.9085156145079383,1.9481817580774639,85.6494176573101,0.6143782882605437,493.0,CA,wind_speed,m/s
nbm,NBM,07,0,0h Lead,2025-01-08 00:00:00,2.697193267625472,1.8294729996147012,105.43576423754757,0.6816072102930439,492.0,CA,wind_speed,m/s
nbm,NBM,07,0,0h Lead,2025-01-08 06:00:00,3.1934229016289657,2.1719481514216312,97.29107504973598,0.5991504878592359,494.0,CA,wind_speed,m/s
nbm,NBM,07,0,0h Lead,2025-01-08 12:00:00,3.0068110076500765,2.0168618544069217,118.13567616149012,0.5888872528565858,492.0,CA,wind_speed,m/s
nbm,NBM,07,0,0h Lead,2025-01-08 18:00:00,2.3266069089980226,1.650624421408162,91.01168865972001,0.734377118196897,493.0,CA,wind_speed,m/s
nbm,NBM,07,0,0h Lead,2025-01-09 00:00:00,1.6200295979261028,1.1577347326064085,66.21527789037961,0.7116978698743909,493.0,CA,wind_speed,m/s
nbm,NBM,07,0,0h Lead,2025-01-09 06:00:00,1.946415791224915,1.3625667272060051,231.45655217541338,0.44263744954051043,493.0,CA,wind_speed,m/s
nbm,NBM,07,0,0h Lead,2025-01-09 12:00:00,2.3621281446900224,1.5792798795425627,92.89790461675254,0.4833669596378403,493.0,CA,wind_speed,m/s
nbm,NBM,07,0,0h Lead,2025-01-09 18:00:00,2.265861273384802,1.60809981693986,126.70600698340945,0.6412860527189942,491.0,CA,wind_speed,m/s
nbm,NBM,07,0,0h Lead,2025-01-10 00:00:00,1.8601532473381068,1.3419670981271723,62.26977798192962,0.7057609816102475,492.0,CA,wind_speed,m/s
nbm,NBM,07,0,0h Lead,2025-01-10 06:00:00,2.229386826947099,1.568973272260558,121.84569833036099,0.5167050744447854,493.0,CA,wind_speed,m/s
nbm,NBM,07,0,0h Lead,2025-01-10 12:00:00,1.6752209682313866,1.2078769649786765,67.79280700232096,0.49082430874455685,491.0,CA,wind_speed,m/s
nbm,NBM,07,0,0h Lead,2025-01-10 18:00:00,1.4692920749433673,1.001090038612356,79.05336693703482,0.5175222542227639,491.0,CA,wind_speed,m/s
nbm,NBM,07,0,0h Lead,2025-01-11 00:00:00,1.6225499520086784,1.1656315846111232,54.198528506530295,0.43388510779504885,492.0,CA,wind_speed,m/s
fcn3,FourCastNet v3,01,144,144h Lead,2025-01-07 00:00:00,1.747329604190745,1.3063220904488875,73.3317912107987,0.30882844535542764,492.0,CA,wind_speed,m/s
fcn3,FourCastNet v3,01,144,144h Lead,2025-01-07 06:00:00,2.589564370764659,1.647845889451153,108.16384459755857,0.437775394613278,491.0,CA,wind_speed,m/s
fcn3,FourCastNet v3,01,144,144h Lead,2025-01-07 12:00:00,3.1362692244736023,2.094306673082273,136.90825686240294,0.24244567728434327,492.0,CA,wind_speed,m/s
fcn3,FourCastNet v3,01,144,144h Lead,2025-01-07 18:00:00,3.24553011721663,2.225520009730336,73.9424135963785,0.44897053821176514,493.0,CA,wind_speed,m/s
fcn3,FourCastNet v3,01,144,144h Lead,2025-01-08 00:00:00,3.322720819763266,2.344283513145567,127.9524419693443,0.5070801472039012,492.0,CA,wind_speed,m/s
fcn3,FourCastNet v3,01,144,144h Lead,2025-01-08 06:00:00,3.586333760849906,2.509876939743335,83.87063436628029,0.2974154288747602,494.0,CA,wind_speed,m/s
fcn3,FourCastNet v3,01,144,144h Lead,2025-01-08 12:00:00,3.317400314560715,2.1687078038590197,99.70225851495485,0.35755223392666147,492.0,CA,wind_speed,m/s
fcn3,FourCastNet v3,01,144,144h Lead,2025-01-08 18:00:00,2.971584774506702,2.0010602251299736,78.54930468105788,0.48646896152744923,493.0,CA,wind_speed,m/s
fcn3,FourCastNet v3,01,144,144h Lead,2025-01-09 00:00:00,1.994812575308398,1.3709262524926034,74.63699186561387,0.46430127828408624,493.0,CA,wind_speed,m/s
fcn3,FourCastNet v3,01,144,144h Lead,2025-01-09 06:00:00,1.911514117349123,1.397376100011321,306.9632147134751,0.13121257638471012,493.0,CA,wind_speed,m/s
fcn3,FourCastNet v3,01,144,144h Lead,2025-01-09 12:00:00,2.5942671899155045,1.6951788241992012,94.88679675853291,0.14421064186883428,493.0,CA,wind_speed,m/s
fcn3,FourCastNet v3,01,144,144h Lead,2025-01-09 18:00:00,2.858275824013056,1.939308498729999,134.775435493592,0.37784156209122166,491.0,CA,wind_speed,m/s
fcn3,FourCastNet v3,01,144,144h Lead,2025-01-10 00:00:00,2.6742836196931257,1.8543432369919084,83.16340295224734,0.3253518108073982,492.0,CA,wind_speed,m/s
fcn3,FourCastNet v3,01,144,144h Lead,2025-01-10 06:00:00,2.6143617526162504,1.8465082819439456,134.34015188585585,0.196690274805644,493.0,CA,wind_speed,m/s
fcn3,FourCastNet v3,01,144,144h Lead,2025-01-10 12:00:00,1.8579399286599876,1.3926719412237951,91.29895458114086,0.20223028959627642,491.0,CA,wind_speed,m/s
fcn3,FourCastNet v3,01,144,144h Lead,2025-01-10 18:00:00,1.7380139975299653,1.2877838248851692,134.3992030923866,0.23977128395743136,491.0,CA,wind_speed,m/s
fcn3,FourCastNet v3,01,144,144h Lead,2025-01-11 00:00:00,2.1802807446968355,1.6011791041014882,62.86107107194151,0.024712187313976047,492.0,CA,wind_speed,m/s
fcn3,FourCastNet v3,03,96,96h Lead,2025-01-07 00:00:00,2.0439382083090814,1.5480034188708154,77.60779902202461,0.11375502357147983,492.0,CA,wind_speed,m/s
fcn3,FourCastNet v3,03,96,96h Lead,2025-01-07 06:00:00,2.8437915068257085,1.8389172075153186,93.81760879234898,0.28247746448512523,491.0,CA,wind_speed,m/s
fcn3,FourCastNet v3,03,96,96h Lead,2025-01-07 12:00:00,2.959928200945031,1.930750874166445,121.05548758069808,0.3753002366159206,492.0,CA,wind_speed,m/s
fcn3,FourCastNet v3,03,96,96h Lead,2025-01-07 18:00:00,3.2420834282146367,2.2690566750828927,92.0296858531049,0.36844703825018765,493.0,CA,wind_speed,m/s
fcn3,FourCastNet v3,03,96,96h Lead,2025-01-08 00:00:00,2.8703407906962637,2.033484102435016,175.2312753943589,0.4511293415429296,492.0,CA,wind_speed,m/s
fcn3,FourCastNet v3,03,96,96h Lead,2025-01-08 06:00:00,2.8479601274577555,1.926894852333525,89.1782603136142,0.5166657274837096,494.0,CA,wind_speed,m/s
fcn3,FourCastNet v3,03,96,96h Lead,2025-01-08 12:00:00,2.887023367874163,1.960258254764329,131.14589896462823,0.4634782147826034,492.0,CA,wind_speed,m/s
fcn3,FourCastNet v3,03,96,96h Lead,2025-01-08 18:00:00,2.425054587629903,1.7362702422705432,87.87065108345583,0.6060076976123315,493.0,CA,wind_speed,m/s
fcn3,FourCastNet v3,03,96,96h Lead,2025-01-09 00:00:00,1.8612374395718725,1.3273689927680619,83.30182495432553,0.5338563121779042,493.0,CA,wind_speed,m/s
fcn3,FourCastNet v3,03,96,96h Lead,2025-01-09 06:00:00,1.8529900144536517,1.3286743491763366,297.617637946008,0.19592917459149742,493.0,CA,wind_speed,m/s
fcn3,FourCastNet v3,03,96,96h Lead,2025-01-09 12:00:00,2.6087323946509655,1.7153813789842336,99.26761263083351,0.08581143441269286,493.0,CA,wind_speed,m/s
fcn3,FourCastNet v3,03,96,96h Lead,2025-01-09 18:00:00,3.0352427119576135,2.073602160218868,124.77823012973906,0.3268150611381445,491.0,CA,wind_speed,m/s
fcn3,FourCastNet v3,03,96,96h Lead,2025-01-10 00:00:00,2.8899567757905213,1.9844206664256934,81.04663403968715,0.25553454001081527,492.0,CA,wind_speed,m/s
fcn3,FourCastNet v3,03,96,96h Lead,2025-01-10 06:00:00,2.8773027768279156,2.0197046662852713,109.27780983737225,0.055645846133469214,493.0,CA,wind_speed,m/s
fcn3,FourCastNet v3,03,96,96h Lead,2025-01-10 12:00:00,2.028377407046359,1.5273803700588628,94.36334285155213,0.07900531561862219,491.0,CA,wind_speed,m/s
fcn3,FourCastNet v3,03,96,96h Lead,2025-01-10 18:00:00,1.8571250510180415,1.3922031264052235,113.51394200701014,0.2311895896599598,491.0,CA,wind_speed,m/s
fcn3,FourCastNet v3,03,96,96h Lead,2025-01-11 00:00:00,2.13941851460465,1.623730299615763,72.5294094229581,0.022521518833554254,492.0,CA,wind_speed,m/s
fcn3,FourCastNet v3,05,48,48h Lead,2025-01-07 00:00:00,1.804721036941966,1.3203916082809852,61.66966432241425,0.33962678515595146,492.0,CA,wind_speed,m/s
fcn3,FourCastNet v3,05,48,48h Lead,2025-01-07 06:00:00,2.612218311322665,1.6542933290433557,103.66539206547101,0.4146738142681268,491.0,CA,wind_speed,m/s
fcn3,FourCastNet v3,05,48,48h Lead,2025-01-07 12:00:00,2.88126169315591,1.8688761365687006,97.66225714377795,0.4047495809016798,492.0,CA,wind_speed,m/s
fcn3,FourCastNet v3,05,48,48h Lead,2025-01-07 18:00:00,2.783555421919701,1.871540207514052,79.54639967472338,0.5318393261763027,493.0,CA,wind_speed,m/s
fcn3,FourCastNet v3,05,48,48h Lead,2025-01-08 00:00:00,2.7111754166827424,1.8376191860420736,118.16913458774367,0.5484329747973726,492.0,CA,wind_speed,m/s
fcn3,FourCastNet v3,05,48,48h Lead,2025-01-08 06:00:00,2.895530942162646,1.9662916773651171,80.47895264800543,0.5286545750137576,494.0,CA,wind_speed,m/s
fcn3,FourCastNet v3,05,48,48h Lead,2025-01-08 12:00:00,3.0120369466254098,2.046416701943939,116.36026492446057,0.4055092016989367,492.0,CA,wind_speed,m/s
fcn3,FourCastNet v3,05,48,48h Lead,2025-01-08 18:00:00,2.507719383620749,1.7407406991986183,91.37537732222903,0.6091206252227483,493.0,CA,wind_speed,m/s
fcn3,FourCastNet v3,05,48,48h Lead,2025-01-09 00:00:00,1.8762060252540222,1.3143377065692572,74.31907741651989,0.5541658824105491,493.0,CA,wind_speed,m/s
fcn3,FourCastNet v3,05,48,48h Lead,2025-01-09 06:00:00,1.8892216738096286,1.3114123126250101,275.5090187525661,0.119430051149136,493.0,CA,wind_speed,m/s
fcn3,FourCastNet v3,05,48,48h Lead,2025-01-09 12:00:00,2.631804428734322,1.6696427265752642,84.12427281327682,0.17421878520051287,493.0,CA,wind_speed,m/s
fcn3,FourCastNet v3,05,48,48h Lead,2025-01-09 18:00:00,3.1620584730028227,2.184608830833265,115.68439072081095,0.3800153262907156,491.0,CA,wind_speed,m/s
fcn3,FourCastNet v3,05,48,48h Lead,2025-01-10 00:00:00,2.5620320219903774,1.8039324917050639,80.71019119890917,0.40327132242775937,492.0,CA,wind_speed,m/s
fcn3,FourCastNet v3,05,48,48h Lead,2025-01-10 06:00:00,2.6470529525135587,1.8644249116053566,116.1774627342001,0.23495611157800658,493.0,CA,wind_speed,m/s
fcn3,FourCastNet v3,05,48,48h Lead,2025-01-10 12:00:00,1.7897781750947128,1.335729068687637,89.31278387573758,0.3293095157742691,491.0,CA,wind_speed,m/s
fcn3,FourCastNet v3,05,48,48h Lead,2025-01-10 18:00:00,1.7013818396544125,1.2141275592290564,83.35725185612333,0.4128934215348976,491.0,CA,wind_speed,m/s
fcn3,FourCastNet v3,05,48,48h Lead,2025-01-11 00:00:00,2.196671825940824,1.6150765319892424,68.13563881681942,0.15191646748695403,492.0,CA,wind_speed,m/s
fcn3,FourCastNet v3,06,24,24h Lead,2025-01-07 00:00:00,1.7606545281918038,1.235467269047489,59.84775343544098,0.32072508915055553,492.0,CA,wind_speed,m/s
fcn3,FourCastNet v3,06,24,24h Lead,2025-01-07 06:00:00,2.618553174787612,1.6696407902424362,102.37717374197679,0.4043439295905142,491.0,CA,wind_speed,m/s
fcn3,FourCastNet v3,06,24,24h Lead,2025-01-07 12:00:00,2.7930658671422712,1.8115966422710477,94.50782993534837,0.42816790955363526,492.0,CA,wind_speed,m/s
fcn3,FourCastNet v3,06,24,24h Lead,2025-01-07 18:00:00,2.833985616962577,1.8889774153760917,77.43125544271578,0.5249999243951337,493.0,CA,wind_speed,m/s
fcn3,FourCastNet v3,06,24,24h Lead,2025-01-08 00:00:00,2.961286159277555,2.0199285696745224,136.83967731209304,0.5149189271137291,492.0,CA,wind_speed,m/s
fcn3,FourCastNet v3,06,24,24h Lead,2025-01-08 06:00:00,3.035901459177953,2.0884037682869536,80.64718607758296,0.47689520398236207,494.0,CA,wind_speed,m/s
fcn3,FourCastNet v3,06,24,24h Lead,2025-01-08 12:00:00,3.14877494170869,2.1267421739838444,120.2139884745626,0.3776912082304799,492.0,CA,wind_speed,m/s
fcn3,FourCastNet v3,06,24,24h Lead,2025-01-08 18:00:00,2.5508827156050486,1.7136758071867255,72.2549799578158,0.6329174352314081,493.0,CA,wind_speed,m/s
fcn3,FourCastNet v3,06,24,24h Lead,2025-01-09 00:00:00,2.0614210417086025,1.3955157868654806,69.30186638535253,0.4341053146255237,493.0,CA,wind_speed,m/s
fcn3,FourCastNet v3,06,24,24h Lead,2025-01-09 06:00:00,1.8150783534738597,1.2452451653880563,264.9498317522275,0.17877824458100192,493.0,CA,wind_speed,m/s
fcn3,FourCastNet v3,06,24,24h Lead,2025-01-09 12:00:00,2.565325966230191,1.6932742749671423,95.7316532289545,0.16144849519128057,493.0,CA,wind_speed,m/s
fcn3,FourCastNet v3,06,24,24h Lead,2025-01-09 18:00:00,2.639281715668118,1.7625250885274466,118.7354186447049,0.5303810470481876,491.0,CA,wind_speed,m/s
fcn3,FourCastNet v3,06,24,24h Lead,2025-01-10 00:00:00,2.423904490987006,1.75021124616023,80.72865705348161,0.5137969520183323,492.0,CA,wind_speed,m/s
fcn3,FourCastNet v3,06,24,24h Lead,2025-01-10 06:00:00,2.7277281993096114,1.845158090524028,99.89801045712254,0.16064829382755624,493.0,CA,wind_speed,m/s
fcn3,FourCastNet v3,06,24,24h Lead,2025-01-10 12:00:00,1.915065569321109,1.368620149654672,78.4764090361868,0.2282342274910552,491.0,CA,wind_speed,m/s
fcn3,FourCastNet v3,06,24,24h Lead,2025-01-10 18:00:00,1.9732211398602972,1.415437936484093,78.34903732834995,0.18306263586223293,491.0,CA,wind_speed,m/s
fcn3,FourCastNet v3,06,24,24h Lead,2025-01-11 00:00:00,1.9366046410325326,1.398372727669624,57.60990653865142,0.24964390406166057,492.0,CA,wind_speed,m/s
fcn3,FourCastNet v3,07,0,0h Lead,2025-01-07 00:00:00,1.777706172678763,1.225096325443043,54.46106207551947,0.31521812498033686,492.0,CA,wind_speed,m/s
fcn3,FourCastNet v3,07,0,0h Lead,2025-01-07 06:00:00,2.5388331737324727,1.6186623296334337,104.08589785293543,0.4389467221868447,491.0,CA,wind_speed,m/s
fcn3,FourCastNet v3,07,0,0h Lead,2025-01-07 12:00:00,2.878200417018237,1.9095611046484815,108.70095154300465,0.38216763851267577,492.0,CA,wind_speed,m/s
fcn3,FourCastNet v3,07,0,0h Lead,2025-01-07 18:00:00,2.7155611892713885,1.8287738752201894,74.56638945242116,0.5524060173397871,493.0,CA,wind_speed,m/s
fcn3,FourCastNet v3,07,0,0h Lead,2025-01-08 00:00:00,2.748908352509414,1.8443506619196415,140.4413569484672,0.592310816542329,492.0,CA,wind_speed,m/s
fcn3,FourCastNet v3,07,0,0h Lead,2025-01-08 06:00:00,2.8457420350927745,1.9732812509046271,77.21451862450863,0.5587631197063261,494.0,CA,wind_speed,m/s
fcn3,FourCastNet v3,07,0,0h Lead,2025-01-08 12:00:00,3.07892349910478,2.051246681044302,96.1976986400517,0.4201479716652491,492.0,CA,wind_speed,m/s
fcn3,FourCastNet v3,07,0,0h Lead,2025-01-08 18:00:00,2.556000566510445,1.749740305902629,79.53964307290524,0.6066649585747531,493.0,CA,wind_speed,m/s
fcn3,FourCastNet v3,07,0,0h Lead,2025-01-09 00:00:00,1.9472820678407754,1.3476377529211145,67.50407841435464,0.530713187683508,493.0,CA,wind_speed,m/s
fcn3,FourCastNet v3,07,0,0h Lead,2025-01-09 06:00:00,1.8438434812204028,1.303449303295244,228.71729784872605,0.17419526358988488,493.0,CA,wind_speed,m/s
fcn3,FourCastNet v3,07,0,0h Lead,2025-01-09 12:00:00,2.546527233179522,1.686593137284775,98.9191768661575,0.2036990366573292,493.0,CA,wind_speed,m/s
fcn3,FourCastNet v3,07,0,0h Lead,2025-01-09 18:00:00,2.7400788685076765,1.9347026223229535,142.56362208284716,0.4801165788758691,491.0,CA,wind_speed,m/s
fcn3,FourCastNet v3,07,0,0h Lead,2025-01-10 00:00:00,2.387601424784247,1.7138052045753815,74.77076389445335,0.5380697138760389,492.0,CA,wind_speed,m/s
fcn3,FourCastNet v3,07,0,0h Lead,2025-01-10 06:00:00,2.6674141420452604,1.8318157269266144,111.83572369862927,0.22414129365290605,493.0,CA,wind_speed,m/s
fcn3,FourCastNet v3,07,0,0h Lead,2025-01-10 12:00:00,1.7711852589809287,1.2914693035079117,68.74494644647207,0.33899947235274397,491.0,CA,wind_speed,m/s
fcn3,FourCastNet v3,07,0,0h Lead,2025-01-10 18:00:00,1.8546318691678318,1.3207054415332673,83.08839436150419,0.2826379320423547,491.0,CA,wind_speed,m/s
fcn3,FourCastNet v3,07,0,0h Lead,2025-01-11 00:00:00,1.953758671999539,1.4835038682960762,66.31791055911161,0.29590603614122696,492.0,CA,wind_speed,m/s
fcn2,FourCastNet v2,01,144,144h Lead,2025-01-07 00:00:00,2.226427236593594,1.6985710245837284,73.36596627380581,-0.09071895037807637,492.0,CA,wind_speed,m/s
fcn2,FourCastNet v2,01,144,144h Lead,2025-01-07 06:00:00,3.0655810005976063,2.006298753920404,108.38252049387067,0.06565992757605522,491.0,CA,wind_speed,m/s
fcn2,FourCastNet v2,01,144,144h Lead,2025-01-07 12:00:00,3.377807643432721,2.229274336642366,143.734478161041,0.06093158589629881,492.0,CA,wind_speed,m/s
fcn2,FourCastNet v2,01,144,144h Lead,2025-01-07 18:00:00,3.4730999800985605,2.364263877892228,70.99690635631065,0.3271574125953589,493.0,CA,wind_speed,m/s
fcn2,FourCastNet v2,01,144,144h Lead,2025-01-08 00:00:00,3.5208230671839242,2.46356273520117,109.66378513717949,0.41599381848294614,492.0,CA,wind_speed,m/s
fcn2,FourCastNet v2,01,144,144h Lead,2025-01-08 06:00:00,3.7475409227993324,2.5975470724270533,71.8270422988127,0.3736536370322701,494.0,CA,wind_speed,m/s
fcn2,FourCastNet v2,01,144,144h Lead,2025-01-08 12:00:00,3.4200456190952044,2.212386577698682,93.58990466908034,0.43525020267496994,492.0,CA,wind_speed,m/s
fcn2,FourCastNet v2,01,144,144h Lead,2025-01-08 18:00:00,2.88111910174053,1.9113599283518705,67.48945963522117,0.5486596855308583,493.0,CA,wind_speed,m/s
fcn2,FourCastNet v2,01,144,144h Lead,2025-01-09 00:00:00,2.0594031488994657,1.4083964379681897,66.25947311512206,0.5104632088488544,493.0,CA,wind_speed,m/s
fcn2,FourCastNet v2,01,144,144h Lead,2025-01-09 06:00:00,1.8125654692414161,1.1977434969180345,182.41079353609678,0.1546460366394034,493.0,CA,wind_speed,m/s
fcn2,FourCastNet v2,01,144,144h Lead,2025-01-09 12:00:00,2.6380546983440833,1.6254454061207617,70.38943129871274,0.13938150199683352,493.0,CA,wind_speed,m/s
fcn2,FourCastNet v2,01,144,144h Lead,2025-01-09 18:00:00,3.015117928892235,2.0230308532365835,99.76064913047435,0.36783368280531537,491.0,CA,wind_speed,m/s
fcn2,FourCastNet v2,01,144,144h Lead,2025-01-10 00:00:00,2.975535507962783,2.0830595553436173,69.27027813280132,0.41877179004212167,492.0,CA,wind_speed,m/s
fcn2,FourCastNet v2,01,144,144h Lead,2025-01-10 06:00:00,2.8431479061385376,1.92300066434255,91.7664260611626,0.274862853992872,493.0,CA,wind_speed,m/s
fcn2,FourCastNet v2,01,144,144h Lead,2025-01-10 12:00:00,1.9537720644153598,1.3789814038395638,76.47965509338269,0.11700181816472312,491.0,CA,wind_speed,m/s
fcn2,FourCastNet v2,01,144,144h Lead,2025-01-10 18:00:00,1.7874024468348677,1.240321167563553,110.32664095998899,0.16138156221308994,491.0,CA,wind_speed,m/s
fcn2,FourCastNet v2,01,144,144h Lead,2025-01-11 00:00:00,2.396888156699321,1.8501851147086155,64.47658628580527,0.2875687032323819,492.0,CA,wind_speed,m/s
fcn2,FourCastNet v2,03,96,96h Lead,2025-01-07 00:00:00,2.282357015815869,1.7075022737518317,66.70173295031486,-0.06839267850009767,492.0,CA,wind_speed,m/s
fcn2,FourCastNet v2,03,96,96h Lead,2025-01-07 06:00:00,3.214774877809945,2.132318382293684,99.4672261034681,0.025787517989477926,491.0,CA,wind_speed,m/s
fcn2,FourCastNet v2,03,96,96h Lead,2025-01-07 12:00:00,3.3978487692746415,2.2202517034077065,154.04487505102884,0.08322309567666239,492.0,CA,wind_speed,m/s
fcn2,FourCastNet v2,03,96,96h Lead,2025-01-07 18:00:00,3.4012656934876513,2.304233068279151,71.02154293035373,0.3433803308431611,493.0,CA,wind_speed,m/s
fcn2,FourCastNet v2,03,96,96h Lead,2025-01-08 00:00:00,3.174678768455443,2.2071331143871373,127.9097918502031,0.42505831887777346,492.0,CA,wind_speed,m/s
fcn2,FourCastNet v2,03,96,96h Lead,2025-01-08 06:00:00,3.3075671806378666,2.1822766896246777,76.45278104786689,0.4166110071232996,494.0,CA,wind_speed,m/s
fcn2,FourCastNet v2,03,96,96h Lead,2025-01-08 12:00:00,3.063814191701554,1.9539157786364931,96.93863936389013,0.46871814536737844,492.0,CA,wind_speed,m/s
fcn2,FourCastNet v2,03,96,96h Lead,2025-01-08 18:00:00,2.663867944570433,1.8120982297988983,73.56493043119593,0.5633592012365325,493.0,CA,wind_speed,m/s
fcn2,FourCastNet v2,03,96,96h Lead,2025-01-09 00:00:00,2.023934981620841,1.369978090427045,64.71482903013502,0.498563177408668,493.0,CA,wind_speed,m/s
fcn2,FourCastNet v2,03,96,96h Lead,2025-01-09 06:00:00,1.9897216028991005,1.3617981889513728,190.73458924881925,0.13181834113327442,493.0,CA,wind_speed,m/s
fcn2,FourCastNet v2,03,96,96h Lead,2025-01-09 12:00:00,2.827286237356526,1.7922342847919368,75.42556452990455,0.03121644844749755,493.0,CA,wind_speed,m/s
fcn2,FourCastNet v2,03,96,96h Lead,2025-01-09 18:00:00,3.1438626442426645,2.1372336869843136,97.23157529403862,0.3135990790958915,491.0,CA,wind_speed,m/s
fcn2,FourCastNet v2,03,96,96h Lead,2025-01-10 00:00:00,2.862865442336204,1.997974819632444,66.08047915017508,0.41689000382606034,492.0,CA,wind_speed,m/s
fcn2,FourCastNet v2,03,96,96h Lead,2025-01-10 06:00:00,2.831102182935835,1.9201149923942273,94.31964972449977,0.26344966455850305,493.0,CA,wind_speed,m/s
fcn2,FourCastNet v2,03,96,96h Lead,2025-01-10 12:00:00,1.9159193886487074,1.3869861623996873,85.19803814768746,0.30996212586172656,491.0,CA,wind_speed,m/s
fcn2,FourCastNet v2,03,96,96h Lead,2025-01-10 18:00:00,1.9014958421441175,1.3879818264461385,117.43687007367089,0.24404866988387353,491.0,CA,wind_speed,m/s
fcn2,FourCastNet v2,03,96,96h Lead,2025-01-11 00:00:00,2.2755917121414035,1.6849296370263749,64.99299419842414,0.11529957217165401,492.0,CA,wind_speed,m/s
fcn2,FourCastNet v2,05,48,48h Lead,2025-01-07 00:00:00,1.961792685677209,1.438856650613309,61.77564718981478,0.1185436513483902,492.0,CA,wind_speed,m/s
fcn2,FourCastNet v2,05,48,48h Lead,2025-01-07 06:00:00,2.9883313124115376,1.9669168188356152,99.70828759965822,0.18288406803304216,491.0,CA,wind_speed,m/s
fcn2,FourCastNet v2,05,48,48h Lead,2025-01-07 12:00:00,3.1174921779790843,2.0195602065906293,142.2786350828632,0.24192148947673225,492.0,CA,wind_speed,m/s
fcn2,FourCastNet v2,05,48,48h Lead,2025-01-07 18:00:00,3.1091212469680674,2.1282142198986502,74.41691068148046,0.39622112770372003,493.0,CA,wind_speed,m/s
fcn2,FourCastNet v2,05,48,48h Lead,2025-01-08 00:00:00,2.9751668538487954,2.09700429408122,129.2430407214676,0.4339897920457967,492.0,CA,wind_speed,m/s
fcn2,FourCastNet v2,05,48,48h Lead,2025-01-08 06:00:00,3.2008985272633237,2.0944283805440675,73.27028549458491,0.4420226566787305,494.0,CA,wind_speed,m/s
fcn2,FourCastNet v2,05,48,48h Lead,2025-01-08 12:00:00,3.0035906098671603,1.88561632565783,92.91155318886096,0.4900226724363033,492.0,CA,wind_speed,m/s
fcn2,FourCastNet v2,05,48,48h Lead,2025-01-08 18:00:00,2.5659947544981345,1.7395273608969748,78.9541326104505,0.5879392918243871,493.0,CA,wind_speed,m/s
fcn2,FourCastNet v2,05,48,48h Lead,2025-01-09 00:00:00,1.9585590131913257,1.3237368061790964,69.66884689888757,0.49191795701599667,493.0,CA,wind_speed,m/s
fcn2,FourCastNet v2,05,48,48h Lead,2025-01-09 06:00:00,1.9001475275757571,1.306097895018454,220.33920187908245,0.1273868417735096,493.0,CA,wind_speed,m/s
fcn2,FourCastNet v2,05,48,48h Lead,2025-01-09 12:00:00,2.749879607039184,1.7400456815353513,76.07614073876348,0.09221834850563358,493.0,CA,wind_speed,m/s
fcn2,FourCastNet v2,05,48,48h Lead,2025-01-09 18:00:00,3.183259907297658,2.1725909726470407,100.93693587892633,0.4215155042723419,491.0,CA,wind_speed,m/s
fcn2,FourCastNet v2,05,48,48h Lead,2025-01-10 00:00:00,3.1014474430669075,2.2817147168088554,71.4953913039786,0.4720800121038651,492.0,CA,wind_speed,m/s
fcn2,FourCastNet v2,05,48,48h Lead,2025-01-10 06:00:00,3.090240800161704,2.1732631434911283,85.56064755070018,0.2477040023934498,493.0,CA,wind_speed,m/s
fcn2,FourCastNet v2,05,48,48h Lead,2025-01-10 12:00:00,2.14292639552394,1.5403447449055563,84.47289285099787,0.1618365189184176,491.0,CA,wind_speed,m/s
fcn2,FourCastNet v2,05,48,48h Lead,2025-01-10 18:00:00,2.128241749192722,1.5552237340431212,110.93376405575646,0.012189329924332467,491.0,CA,wind_speed,m/s
fcn2,FourCastNet v2,05,48,48h Lead,2025-01-11 00:00:00,2.316601849269877,1.7560613804186385,68.5208665751516,0.14841500051370227,492.0,CA,wind_speed,m/s
fcn2,FourCastNet v2,06,24,24h Lead,2025-01-07 00:00:00,1.9573677832978247,1.427599244425452,60.750525533140475,0.12387186891343385,492.0,CA,wind_speed,m/s
fcn2,FourCastNet v2,06,24,24h Lead,2025-01-07 06:00:00,2.94848708582728,1.8997436737918623,94.60743564399642,0.19041637791473798,491.0,CA,wind_speed,m/s
fcn2,FourCastNet v2,06,24,24h Lead,2025-01-07 12:00:00,3.1887891244993085,2.0543948585788407,136.4921636985901,0.17909495856763236,492.0,CA,wind_speed,m/s
fcn2,FourCastNet v2,06,24,24h Lead,2025-01-07 18:00:00,3.2618821980561323,2.183845240630315,67.78452265486433,0.39390414244294963,493.0,CA,wind_speed,m/s
fcn2,FourCastNet v2,06,24,24h Lead,2025-01-08 00:00:00,3.1323369158963907,2.1587399610666544,117.02654189378963,0.45362890962734204,492.0,CA,wind_speed,m/s
fcn2,FourCastNet v2,06,24,24h Lead,2025-01-08 06:00:00,3.3922651677351556,2.233132587082171,70.50981015182765,0.4476233885076061,494.0,CA,wind_speed,m/s
fcn2,FourCastNet v2,06,24,24h Lead,2025-01-08 12:00:00,3.2265732581796973,2.0636710103552,93.03788710820447,0.4938252254124092,492.0,CA,wind_speed,m/s
fcn2,FourCastNet v2,06,24,24h Lead,2025-01-08 18:00:00,2.8689286765763304,1.9174660720369394,72.30727649031161,0.580305615736821,493.0,CA,wind_speed,m/s
fcn2,FourCastNet v2,06,24,24h Lead,2025-01-09 00:00:00,2.2028503095913767,1.4939822159314615,67.15585621834761,0.44767181033835685,493.0,CA,wind_speed,m/s
fcn2,FourCastNet v2,06,24,24h Lead,2025-01-09 06:00:00,1.9640475664601496,1.3672313319073337,168.53170881587235,0.14766121036826185,493.0,CA,wind_speed,m/s
fcn2,FourCastNet v2,06,24,24h Lead,2025-01-09 12:00:00,2.8250274527629324,1.8105737536269075,76.89032648823351,0.12439525660404831,493.0,CA,wind_speed,m/s
fcn2,FourCastNet v2,06,24,24h Lead,2025-01-09 18:00:00,3.185349412968493,2.1780176671513956,98.641454921469,0.47168947928927313,491.0,CA,wind_speed,m/s
fcn2,FourCastNet v2,06,24,24h Lead,2025-01-10 00:00:00,3.1320509126458695,2.3205216575557803,72.13449897940029,0.4738119954894999,492.0,CA,wind_speed,m/s
fcn2,FourCastNet v2,06,24,24h Lead,2025-01-10 06:00:00,3.1563429773710268,2.2301408373287916,89.1427815467258,0.21050524093605918,493.0,CA,wind_speed,m/s
fcn2,FourCastNet v2,06,24,24h Lead,2025-01-10 12:00:00,2.237486355670137,1.6038642402305865,88.12665475492638,0.03510208579831781,491.0,CA,wind_speed,m/s
fcn2,FourCastNet v2,06,24,24h Lead,2025-01-10 18:00:00,2.262564889462889,1.6379755742330095,139.8928400803944,-0.1039600360148984,491.0,CA,wind_speed,m/s
fcn2,FourCastNet v2,06,24,24h Lead,2025-01-11 00:00:00,2.235386908342054,1.6918310419527618,70.6624987595538,0.1769480040582987,492.0,CA,wind_speed,m/s
fcn2,FourCastNet v2,07,0,0h Lead,2025-01-07 00:00:00,1.777706172678763,1.225096325443043,54.46106207551947,0.31521812498033686,492.0,CA,wind_speed,m/s
fcn2,FourCastNet v2,07,0,0h Lead,2025-01-07 06:00:00,2.934714708334631,1.9243790253185025,99.12380736182006,0.16229276024528183,491.0,CA,wind_speed,m/s
fcn2,FourCastNet v2,07,0,0h Lead,2025-01-07 12:00:00,3.0839872260200085,1.977296734092439,134.86932648622357,0.21197070232743617,492.0,CA,wind_speed,m/s
fcn2,FourCastNet v2,07,0,0h Lead,2025-01-07 18:00:00,3.0910812151553024,2.06744365821806,73.97952167870945,0.4197690026719067,493.0,CA,wind_speed,m/s
fcn2,FourCastNet v2,07,0,0h Lead,2025-01-08 00:00:00,3.003419434158221,2.039551121360675,131.16517795965058,0.45473080471691757,492.0,CA,wind_speed,m/s
fcn2,FourCastNet v2,07,0,0h Lead,2025-01-08 06:00:00,3.226174597200964,2.105645038029141,73.39199174966699,0.450942823993398,494.0,CA,wind_speed,m/s
fcn2,FourCastNet v2,07,0,0h Lead,2025-01-08 12:00:00,3.0632491619717275,1.9494761750234548,97.21069807201216,0.4738315338969147,492.0,CA,wind_speed,m/s
fcn2,FourCastNet v2,07,0,0h Lead,2025-01-08 18:00:00,2.6648767765006394,1.7985367284706109,71.22139129460352,0.5933315579476133,493.0,CA,wind_speed,m/s
fcn2,FourCastNet v2,07,0,0h Lead,2025-01-09 00:00:00,2.082249036951436,1.414117940223604,66.5773228443685,0.5009641232240479,493.0,CA,wind_speed,m/s
fcn2,FourCastNet v2,07,0,0h Lead,2025-01-09 06:00:00,1.9420134813752716,1.3349632326774223,189.3548503184416,0.1481093124475517,493.0,CA,wind_speed,m/s
fcn2,FourCastNet v2,07,0,0h Lead,2025-01-09 12:00:00,2.8105226659070386,1.778124613071552,75.68586341277472,0.10164121673306564,493.0,CA,wind_speed,m/s
fcn2,FourCastNet v2,07,0,0h Lead,2025-01-09 18:00:00,3.047965235590706,2.066456234640235,101.05590183955393,0.4886013879715853,491.0,CA,wind_speed,m/s
fcn2,FourCastNet v2,07,0,0h Lead,2025-01-10 00:00:00,2.877299597488289,2.10590265807885,69.64984985063617,0.5593397109106649,492.0,CA,wind_speed,m/s
fcn2,FourCastNet v2,07,0,0h Lead,2025-01-10 06:00:00,2.971229880446983,2.069767951980445,87.29294989531716,0.3236921604943524,493.0,CA,wind_speed,m/s
fcn2,FourCastNet v2,07,0,0h Lead,2025-01-10 12:00:00,2.0493284403375913,1.4695782926077756,79.69163237378544,0.2845077798982973,491.0,CA,wind_speed,m/s
fcn2,FourCastNet v2,07,0,0h Lead,2025-01-10 18:00:00,1.988161942930537,1.4021790198926756,84.03953725702613,0.12426905628642444,491.0,CA,wind_speed,m/s
fcn2,FourCastNet v2,07,0,0h Lead,2025-01-11 00:00:00,2.1937526669454117,1.6614031232590598,64.53658973983134,0.19922861184031318,492.0,CA,wind_speed,m/s
aurora,Aurora,01,144,144h Lead,2025-01-07 00:00:00,2.043964777011918,1.5575778862628025,92.38232849748852,0.20329054584153514,492.0,CA,wind_speed,m/s
aurora,Aurora,01,144,144h Lead,2025-01-07 06:00:00,2.6241736085261076,1.8019867815312507,149.82092045231735,0.3500181875417342,491.0,CA,wind_speed,m/s
aurora,Aurora,01,144,144h Lead,2025-01-07 12:00:00,2.817393054029449,1.9158340923912156,148.0252531142096,0.36453456618664704,492.0,CA,wind_speed,m/s
aurora,Aurora,01,144,144h Lead,2025-01-07 18:00:00,2.826859958586722,1.9078752464458013,80.29809191371051,0.49841823299449,493.0,CA,wind_speed,m/s
aurora,Aurora,01,144,144h Lead,2025-01-08 00:00:00,2.8645811138132475,1.9845249177850177,163.99329540542533,0.47994897229142286,492.0,CA,wind_speed,m/s
aurora,Aurora,01,144,144h Lead,2025-01-08 06:00:00,3.18232733481907,2.190467669737906,97.44724669023032,0.3671324465419356,494.0,CA,wind_speed,m/s
aurora,Aurora,01,144,144h Lead,2025-01-08 12:00:00,3.289496042262897,2.2342894188737934,128.4981231025971,0.19899514981742378,492.0,CA,wind_speed,m/s
aurora,Aurora,01,144,144h Lead,2025-01-08 18:00:00,2.846145324911488,2.0422391781761005,117.87196386471726,0.35771466084416703,493.0,CA,wind_speed,m/s
aurora,Aurora,01,144,144h Lead,2025-01-09 00:00:00,2.1233796533417504,1.4602295484990788,88.20278398261632,0.3120106098675823,493.0,CA,wind_speed,m/s
aurora,Aurora,01,144,144h Lead,2025-01-09 06:00:00,1.9037259414856982,1.3616657067622997,256.8075693380084,0.13334618806738874,493.0,CA,wind_speed,m/s
aurora,Aurora,01,144,144h Lead,2025-01-09 12:00:00,2.676948106939709,1.6800960414489432,76.33053090212,0.1492434456334075,493.0,CA,wind_speed,m/s
aurora,Aurora,01,144,144h Lead,2025-01-09 18:00:00,3.6101193007186425,2.5191517619988946,128.84613089883382,0.14097241620833825,491.0,CA,wind_speed,m/s
aurora,Aurora,01,144,144h Lead,2025-01-10 00:00:00,3.2545266056054687,2.22421386556291,72.02380239748499,0.05705845524488029,492.0,CA,wind_speed,m/s
aurora,Aurora,01,144,144h Lead,2025-01-10 06:00:00,2.972987667829424,2.044947940161032,90.33416118125575,0.13488305915706442,493.0,CA,wind_speed,m/s
aurora,Aurora,01,144,144h Lead,2025-01-10 12:00:00,2.10793924428445,1.5015427365182101,74.88888517114884,0.061369896568117845,491.0,CA,wind_speed,m/s
aurora,Aurora,01,144,144h Lead,2025-01-10 18:00:00,1.9860651878027185,1.4695967782142738,108.98464452987382,0.22000870883585671,491.0,CA,wind_speed,m/s
aurora,Aurora,01,144,144h Lead,2025-01-11 00:00:00,2.0615843883423124,1.4332493690213537,54.08838144627707,0.07367073569912892,492.0,CA,wind_speed,m/s
aurora,Aurora,03,96,96h Lead,2025-01-07 00:00:00,2.0107713509991516,1.4620669514122533,61.28751101804377,0.11115696935831797,492.0,CA,wind_speed,m/s
aurora,Aurora,03,96,96h Lead,2025-01-07 06:00:00,3.0713210578780172,1.96970838323888,85.63834667303918,0.1565013021483516,491.0,CA,wind_speed,m/s
aurora,Aurora,03,96,96h Lead,2025-01-07 12:00:00,3.281809607245663,2.1195862801060295,147.9812261667021,0.22657756917686164,492.0,CA,wind_speed,m/s
aurora,Aurora,03,96,96h Lead,2025-01-07 18:00:00,3.7956086284536976,2.7862847790454515,115.49870695319,0.08668674601045934,493.0,CA,wind_speed,m/s
aurora,Aurora,03,96,96h Lead,2025-01-08 00:00:00,3.3324509770746977,2.4417938990329158,213.8750138720527,0.2205737091467208,492.0,CA,wind_speed,m/s
aurora,Aurora,03,96,96h Lead,2025-01-08 06:00:00,3.240669750057598,2.251087488606572,108.98384796497109,0.30691537502771277,494.0,CA,wind_speed,m/s
aurora,Aurora,03,96,96h Lead,2025-01-08 12:00:00,3.1995850052504022,2.2349220296212784,132.01469942871827,0.2762368894777704,492.0,CA,wind_speed,m/s
aurora,Aurora,03,96,96h Lead,2025-01-08 18:00:00,2.622173255027801,1.9675118924396275,131.0367885260109,0.4997326338646757,493.0,CA,wind_speed,m/s
aurora,Aurora,03,96,96h Lead,2025-01-09 00:00:00,2.067824274589392,1.5291373684443155,108.64505437854068,0.4531885003512668,493.0,CA,wind_speed,m/s
aurora,Aurora,03,96,96h Lead,2025-01-09 06:00:00,2.101963771385088,1.611046923288573,308.7779442917481,0.09687660856264449,493.0,CA,wind_speed,m/s
aurora,Aurora,03,96,96h Lead,2025-01-09 12:00:00,2.562981101450488,1.7113134935195984,93.13898756098871,0.15828797882125123,493.0,CA,wind_speed,m/s
aurora,Aurora,03,96,96h Lead,2025-01-09 18:00:00,2.9814216514703067,2.0269657032310113,134.0489637373924,0.29576309236451226,491.0,CA,wind_speed,m/s
aurora,Aurora,03,96,96h Lead,2025-01-10 00:00:00,2.744997028577457,1.8025479373802258,72.75395915692746,0.33227815657731075,492.0,CA,wind_speed,m/s
aurora,Aurora,03,96,96h Lead,2025-01-10 06:00:00,2.7368983860254117,1.9198277433597413,118.11177721669762,0.14275662593630872,493.0,CA,wind_speed,m/s
aurora,Aurora,03,96,96h Lead,2025-01-10 12:00:00,2.0540700709881743,1.5372685418139893,100.12539700163443,0.05869147326754724,491.0,CA,wind_speed,m/s
aurora,Aurora,03,96,96h Lead,2025-01-10 18:00:00,1.8932463868129286,1.4084640236641612,142.05387153389142,0.1031827206826439,491.0,CA,wind_speed,m/s
aurora,Aurora,03,96,96h Lead,2025-01-11 00:00:00,2.044911192367825,1.5030252774117319,58.371630780391726,0.16955733094974568,492.0,CA,wind_speed,m/s
aurora,Aurora,05,48,48h Lead,2025-01-07 00:00:00,1.7505015653360285,1.2411491108558528,56.03163298149827,0.319714895395245,492.0,CA,wind_speed,m/s
aurora,Aurora,05,48,48h Lead,2025-01-07 06:00:00,2.7112254300072602,1.738779105022246,100.6584896913267,0.3493828705338434,491.0,CA,wind_speed,m/s
aurora,Aurora,05,48,48h Lead,2025-01-07 12:00:00,2.8724217288117577,1.807334153784242,107.76420604919477,0.43022690412918024,492.0,CA,wind_speed,m/s
aurora,Aurora,05,48,48h Lead,2025-01-07 18:00:00,2.960497870567436,1.9736286612269118,70.86302118872119,0.5453942443278615,493.0,CA,wind_speed,m/s
aurora,Aurora,05,48,48h Lead,2025-01-08 00:00:00,2.791193356864177,1.8971632153772544,139.1230145456814,0.5809442916220848,492.0,CA,wind_speed,m/s
aurora,Aurora,05,48,48h Lead,2025-01-08 06:00:00,2.807944184084631,1.927010667400985,83.08424398951993,0.5389826056233563,494.0,CA,wind_speed,m/s
aurora,Aurora,05,48,48h Lead,2025-01-08 12:00:00,2.8596654140809763,1.943724045179769,116.14421680661538,0.4700385308520687,492.0,CA,wind_speed,m/s
aurora,Aurora,05,48,48h Lead,2025-01-08 18:00:00,2.2555815632554372,1.603303269216787,94.14889743439352,0.6588475273035791,493.0,CA,wind_speed,m/s
aurora,Aurora,05,48,48h Lead,2025-01-09 00:00:00,1.7308105613869744,1.1740140832174744,67.07245489100865,0.6135124446905001,493.0,CA,wind_speed,m/s
aurora,Aurora,05,48,48h Lead,2025-01-09 06:00:00,1.774258460301483,1.2048306929771213,218.72833790987238,0.22559181302719733,493.0,CA,wind_speed,m/s
aurora,Aurora,05,48,48h Lead,2025-01-09 12:00:00,2.5922449361783135,1.6274855332581315,74.4610578409756,0.22421705965133262,493.0,CA,wind_speed,m/s
aurora,Aurora,05,48,48h Lead,2025-01-09 18:00:00,3.2152631085268246,2.218603833569043,121.32908121453679,0.3542914527987545,491.0,CA,wind_speed,m/s
aurora,Aurora,05,48,48h Lead,2025-01-10 00:00:00,2.544697462079622,1.7475494518421772,68.45570609256791,0.5273119817942854,492.0,CA,wind_speed,m/s
aurora,Aurora,05,48,48h Lead,2025-01-10 06:00:00,2.6302271279038636,1.8033444994104681,98.89500699153943,0.28312359022770894,493.0,CA,wind_speed,m/s
aurora,Aurora,05,48,48h Lead,2025-01-10 12:00:00,1.8589965998199405,1.3743600907703282,87.69851153101965,0.2895405845734589,491.0,CA,wind_speed,m/s
aurora,Aurora,05,48,48h Lead,2025-01-10 18:00:00,1.755098925020628,1.2348242246834162,86.4426904114209,0.3998617504762211,491.0,CA,wind_speed,m/s
aurora,Aurora,05,48,48h Lead,2025-01-11 00:00:00,2.053454487853699,1.4603231694640182,58.62438462722459,0.20633198432428676,492.0,CA,wind_speed,m/s
aurora,Aurora,06,24,24h Lead,2025-01-07 00:00:00,1.6976130404846148,1.196168573982105,56.13168656345546,0.3451807512196572,492.0,CA,wind_speed,m/s
aurora,Aurora,06,24,24h Lead,2025-01-07 06:00:00,2.575883557129186,1.6556686533391172,109.81983129045206,0.41355805042610694,491.0,CA,wind_speed,m/s
aurora,Aurora,06,24,24h Lead,2025-01-07 12:00:00,2.734149131571523,1.7264724013251744,104.4401355339597,0.4839195721382213,492.0,CA,wind_speed,m/s
aurora,Aurora,06,24,24h Lead,2025-01-07 18:00:00,2.814431089293441,1.863372269088429,71.02893839367779,0.5694350307204417,493.0,CA,wind_speed,m/s
aurora,Aurora,06,24,24h Lead,2025-01-08 00:00:00,2.810676168841127,1.9092900471239374,133.37222249883573,0.5903032085635398,492.0,CA,wind_speed,m/s
aurora,Aurora,06,24,24h Lead,2025-01-08 06:00:00,2.777790829131979,1.8834472106701812,79.57503847942031,0.5658827360724774,494.0,CA,wind_speed,m/s
aurora,Aurora,06,24,24h Lead,2025-01-08 12:00:00,2.8770642567678952,1.9139656908185472,104.08573018091354,0.4975798500438679,492.0,CA,wind_speed,m/s
aurora,Aurora,06,24,24h Lead,2025-01-08 18:00:00,2.34802946562703,1.6293991013348827,79.64199963349029,0.6698120555715761,493.0,CA,wind_speed,m/s
aurora,Aurora,06,24,24h Lead,2025-01-09 00:00:00,1.8434830353369318,1.2466764109205402,59.6335062484469,0.6288881047711313,493.0,CA,wind_speed,m/s
aurora,Aurora,06,24,24h Lead,2025-01-09 06:00:00,1.7700099109699776,1.1867797097009862,201.3320061170408,0.2470560061197572,493.0,CA,wind_speed,m/s
aurora,Aurora,06,24,24h Lead,2025-01-09 12:00:00,2.5395206449678556,1.6048666747479603,76.1596538931613,0.2679319753779185,493.0,CA,wind_speed,m/s
aurora,Aurora,06,24,24h Lead,2025-01-09 18:00:00,2.802889847313389,1.93729331657336,117.06507357361684,0.535734453808994,491.0,CA,wind_speed,m/s
aurora,Aurora,06,24,24h Lead,2025-01-10 00:00:00,2.4234572686542775,1.6715956778394254,67.89671098549148,0.605813529674421,492.0,CA,wind_speed,m/s
aurora,Aurora,06,24,24h Lead,2025-01-10 06:00:00,2.7174495460661805,1.8481038320152199,93.16662930403291,0.2570292893328695,493.0,CA,wind_speed,m/s
aurora,Aurora,06,24,24h Lead,2025-01-10 12:00:00,1.9402303245896602,1.3886504140654066,79.9088371582949,0.22254057813143863,491.0,CA,wind_speed,m/s
aurora,Aurora,06,24,24h Lead,2025-01-10 18:00:00,2.020622292802953,1.4309738997034274,99.92484106885159,0.05518989142378685,491.0,CA,wind_speed,m/s
aurora,Aurora,06,24,24h Lead,2025-01-11 00:00:00,1.915544618991985,1.3640471260419222,57.36300897543893,0.282959962865254,492.0,CA,wind_speed,m/s
aurora,Aurora,07,0,0h Lead,2025-01-07 00:00:00,1.777706172678763,1.225096325443043,54.46106207551947,0.31521812498033686,492.0,CA,wind_speed,m/s
aurora,Aurora,07,0,0h Lead,2025-01-07 06:00:00,2.5526724607680498,1.6487870476039814,108.57763012765061,0.4264342253353699,491.0,CA,wind_speed,m/s
aurora,Aurora,07,0,0h Lead,2025-01-07 12:00:00,2.699852962633667,1.7024581077720637,101.53542191919102,0.49415332640701204,492.0,CA,wind_speed,m/s
aurora,Aurora,07,0,0h Lead,2025-01-07 18:00:00,2.7232875452644367,1.7860285617396023,71.37444169762888,0.5780395190140815,493.0,CA,wind_speed,m/s
aurora,Aurora,07,0,0h Lead,2025-01-08 00:00:00,2.778402732257659,1.8645224159212435,138.04759571809518,0.5972464284490394,492.0,CA,wind_speed,m/s
aurora,Aurora,07,0,0h Lead,2025-01-08 06:00:00,2.776806351215161,1.8899452484435277,80.92677813752812,0.5643499409503581,494.0,CA,wind_speed,m/s
aurora,Aurora,07,0,0h Lead,2025-01-08 12:00:00,2.950410413497356,1.9647984247544887,104.62739934076195,0.47185643860835125,492.0,CA,wind_speed,m/s
aurora,Aurora,07,0,0h Lead,2025-01-08 18:00:00,2.3587352265307593,1.639355214747164,80.12543816137477,0.6662441726898503,493.0,CA,wind_speed,m/s
aurora,Aurora,07,0,0h Lead,2025-01-09 00:00:00,1.892355796310942,1.290164577723698,64.1709136808871,0.6016268469055824,493.0,CA,wind_speed,m/s
aurora,Aurora,07,0,0h Lead,2025-01-09 06:00:00,1.7720030522942465,1.200766497484312,213.5823210105033,0.24597758284570123,493.0,CA,wind_speed,m/s
aurora,Aurora,07,0,0h Lead,2025-01-09 12:00:00,2.53538685658356,1.610247199708864,78.76543459996672,0.25702722166891645,493.0,CA,wind_speed,m/s
aurora,Aurora,07,0,0h Lead,2025-01-09 18:00:00,2.8300023604566062,1.970176549298336,124.0699416486881,0.5188762004603072,491.0,CA,wind_speed,m/s
aurora,Aurora,07,0,0h Lead,2025-01-10 00:00:00,2.4861522255913684,1.7191539038714718,68.40406813424487,0.5958498912520697,492.0,CA,wind_speed,m/s
aurora,Aurora,07,0,0h Lead,2025-01-10 06:00:00,2.6993106495462196,1.8357044217114395,92.10967749574971,0.26662324134453824,493.0,CA,wind_speed,m/s
aurora,Aurora,07,0,0h Lead,2025-01-10 12:00:00,1.8657936962010004,1.3347684309159666,69.38817227477075,0.3139184317854102,491.0,CA,wind_speed,m/s
aurora,Aurora,07,0,0h Lead,2025-01-10 18:00:00,1.8574370899001469,1.3356694802253026,92.8590115294837,0.263485935289684,491.0,CA,wind_speed,m/s
aurora,Aurora,07,0,0h Lead,2025-01-11 00:00:00,1.836033800350502,1.3125313561470286,54.01045200612721,0.343553355701149,492.0,CA,wind_speed,m/s
graphcast,GraphCast,01,144,144h Lead,2025-01-07 00:00:00,2.0747637043750076,1.5071676096962234,62.763824628798815,0.16333442472338766,492.0,CA,wind_speed,m/s
graphcast,GraphCast,01,144,144h Lead,2025-01-07 06:00:00,2.871670598589636,1.8950211490616353,120.06674691905475,0.21730403180755165,491.0,CA,wind_speed,m/s
graphcast,GraphCast,01,144,144h Lead,2025-01-07 12:00:00,3.317470177193317,2.2006345533319123,122.56393668942012,0.14473139851855146,492.0,CA,wind_speed,m/s
graphcast,GraphCast,01,144,144h Lead,2025-01-07 18:00:00,3.4734173459424893,2.420724743384014,74.39134316198759,0.4418085764203866,493.0,CA,wind_speed,m/s
graphcast,GraphCast,01,144,144h Lead,2025-01-08 00:00:00,3.8257819258160164,2.806473006339123,112.06678945081647,0.4684705029094237,492.0,CA,wind_speed,m/s
graphcast,GraphCast,01,144,144h Lead,2025-01-08 06:00:00,3.984126643354658,2.7704087758761067,68.38570866868301,0.34718957797619804,494.0,CA,wind_speed,m/s
graphcast,GraphCast,01,144,144h Lead,2025-01-08 12:00:00,3.842983080509655,2.5611825584437757,72.73039457707941,0.3032437201107097,492.0,CA,wind_speed,m/s
graphcast,GraphCast,01,144,144h Lead,2025-01-08 18:00:00,3.9558391099736294,2.733204061558383,86.70851059849967,0.004062243537064523,493.0,CA,wind_speed,m/s
graphcast,GraphCast,01,144,144h Lead,2025-01-09 00:00:00,2.5565784225637955,1.6941657855910293,83.57955018284754,-0.012016700040743797,493.0,CA,wind_speed,m/s
graphcast,GraphCast,01,144,144h Lead,2025-01-09 06:00:00,1.9236699373817452,1.3037269585586435,249.2045572492529,0.08918466279528395,493.0,CA,wind_speed,m/s
graphcast,GraphCast,01,144,144h Lead,2025-01-09 12:00:00,2.575342488086388,1.5696134919236446,74.50000154722306,0.22699580956249144,493.0,CA,wind_speed,m/s
graphcast,GraphCast,01,144,144h Lead,2025-01-09 18:00:00,2.9541283014063104,1.9732061103896794,105.7720492696957,0.5065259657575083,491.0,CA,wind_speed,m/s
graphcast,GraphCast,01,144,144h Lead,2025-01-10 00:00:00,2.7299082942372186,1.9157304448052876,75.02145842837278,0.4651502462590052,492.0,CA,wind_speed,m/s
graphcast,GraphCast,01,144,144h Lead,2025-01-10 06:00:00,2.622485811703075,1.7212153157147505,89.64647886194051,0.30566485385573006,493.0,CA,wind_speed,m/s
graphcast,GraphCast,01,144,144h Lead,2025-01-10 12:00:00,1.7407000699036757,1.2658966161507939,77.98232371367735,0.38501398518486646,491.0,CA,wind_speed,m/s
graphcast,GraphCast,01,144,144h Lead,2025-01-10 18:00:00,1.6890969190708678,1.186814297831858,64.56445709027909,0.5081292634845503,491.0,CA,wind_speed,m/s
graphcast,GraphCast,01,144,144h Lead,2025-01-11 00:00:00,2.168067942013025,1.5763299705808966,57.58975640581077,0.09641008513070508,492.0,CA,wind_speed,m/s
graphcast,GraphCast,03,96,96h Lead,2025-01-07 00:00:00,2.184354527884616,1.6142488814875242,59.21029617669937,0.18370108547903416,492.0,CA,wind_speed,m/s
graphcast,GraphCast,03,96,96h Lead,2025-01-07 06:00:00,3.115035791697622,2.0390487347640356,102.53729487601682,0.11458047125383279,491.0,CA,wind_speed,m/s
graphcast,GraphCast,03,96,96h Lead,2025-01-07 12:00:00,3.4212907848861454,2.2646250440398368,128.32366054383684,0.161822296738228,492.0,CA,wind_speed,m/s
graphcast,GraphCast,03,96,96h Lead,2025-01-07 18:00:00,3.4208138761844618,2.354282825867859,75.27702064581572,0.4585019233579633,493.0,CA,wind_speed,m/s
graphcast,GraphCast,03,96,96h Lead,2025-01-08 00:00:00,2.992761692497939,2.0435008471339517,129.8222148614538,0.5703032976480534,492.0,CA,wind_speed,m/s
graphcast,GraphCast,03,96,96h Lead,2025-01-08 06:00:00,2.8870301533412404,1.8845171647953238,69.15429595705601,0.5860312522021677,494.0,CA,wind_speed,m/s
graphcast,GraphCast,03,96,96h Lead,2025-01-08 12:00:00,2.8776371183431597,1.8173308091113207,81.47607790293269,0.5444946013849931,492.0,CA,wind_speed,m/s
graphcast,GraphCast,03,96,96h Lead,2025-01-08 18:00:00,2.5239593627844807,1.7012066239865145,64.33627293089769,0.6553644534486249,493.0,CA,wind_speed,m/s
graphcast,GraphCast,03,96,96h Lead,2025-01-09 00:00:00,1.9783564547210672,1.3708916520038676,73.2988721411037,0.5662431558756399,493.0,CA,wind_speed,m/s
graphcast,GraphCast,03,96,96h Lead,2025-01-09 06:00:00,1.7913438158508699,1.1987333549942225,252.74965167114715,0.26186306506883056,493.0,CA,wind_speed,m/s
graphcast,GraphCast,03,96,96h Lead,2025-01-09 12:00:00,2.5252179900226888,1.544165844350872,74.77846324595943,0.26273290489618917,493.0,CA,wind_speed,m/s
graphcast,GraphCast,03,96,96h Lead,2025-01-09 18:00:00,2.9089044610928645,2.009446598832209,121.3488057774723,0.561193699573031,491.0,CA,wind_speed,m/s
graphcast,GraphCast,03,96,96h Lead,2025-01-10 00:00:00,2.6787392389027267,1.9189120637540653,78.30028613144839,0.535758480554237,492.0,CA,wind_speed,m/s
graphcast,GraphCast,03,96,96h Lead,2025-01-10 06:00:00,2.6775555524365884,1.8150184202417883,93.52222416557613,0.30607177559416443,493.0,CA,wind_speed,m/s
graphcast,GraphCast,03,96,96h Lead,2025-01-10 12:00:00,1.7880620189383825,1.2874141869622675,75.21244885954832,0.39170639998953793,491.0,CA,wind_speed,m/s
graphcast,GraphCast,03,96,96h Lead,2025-01-10 18:00:00,1.9006407275432293,1.3657967689572292,78.88944665056,0.43344401233316426,491.0,CA,wind_speed,m/s
graphcast,GraphCast,03,96,96h Lead,2025-01-11 00:00:00,2.000112500303094,1.5010836583266898,59.912268813491046,0.32998712350288917,492.0,CA,wind_speed,m/s
graphcast,GraphCast,05,48,48h Lead,2025-01-07 00:00:00,1.692425708353404,1.1940215309642679,56.58263658757997,0.38984968956880944,492.0,CA,wind_speed,m/s
graphcast,GraphCast,05,48,48h Lead,2025-01-07 06:00:00,2.465416431112557,1.5282386108633517,100.94238908463265,0.4947203752942926,491.0,CA,wind_speed,m/s
graphcast,GraphCast,05,48,48h Lead,2025-01-07 12:00:00,2.7878586951338957,1.7665981527084742,103.24553730938317,0.4621964958801767,492.0,CA,wind_speed,m/s
graphcast,GraphCast,05,48,48h Lead,2025-01-07 18:00:00,2.7062840780338497,1.7751291596139904,67.12403712793794,0.5810908522442764,493.0,CA,wind_speed,m/s
graphcast,GraphCast,05,48,48h Lead,2025-01-08 00:00:00,2.608682284663933,1.7353875686308535,126.83241736214458,0.6115607616313755,492.0,CA,wind_speed,m/s
graphcast,GraphCast,05,48,48h Lead,2025-01-08 06:00:00,2.6660693379591547,1.803229410812138,75.67984488981216,0.6059766184068286,494.0,CA,wind_speed,m/s
graphcast,GraphCast,05,48,48h Lead,2025-01-08 12:00:00,2.8115762921277176,1.887050151550476,98.63075511933872,0.5300100354793639,492.0,CA,wind_speed,m/s
graphcast,GraphCast,05,48,48h Lead,2025-01-08 18:00:00,2.2768457781550526,1.583265864945812,72.4747303890902,0.6781563593229272,493.0,CA,wind_speed,m/s
graphcast,GraphCast,05,48,48h Lead,2025-01-09 00:00:00,1.7871472817091025,1.2524267574640002,74.0217176647619,0.6087990337295549,493.0,CA,wind_speed,m/s
graphcast,GraphCast,05,48,48h Lead,2025-01-09 06:00:00,1.7443973355160753,1.2065231957157383,271.84537916583673,0.2855260728442161,493.0,CA,wind_speed,m/s
graphcast,GraphCast,05,48,48h Lead,2025-01-09 12:00:00,2.519657497110955,1.5464629635940217,74.12600678581896,0.25184757135814684,493.0,CA,wind_speed,m/s
graphcast,GraphCast,05,48,48h Lead,2025-01-09 18:00:00,3.0243308435270078,2.098330617815924,121.02375769130984,0.5238394822665509,491.0,CA,wind_speed,m/s
graphcast,GraphCast,05,48,48h Lead,2025-01-10 00:00:00,2.87587041193683,2.0815356553743247,77.0933821828026,0.48866723254374883,492.0,CA,wind_speed,m/s
graphcast,GraphCast,05,48,48h Lead,2025-01-10 06:00:00,2.7924935817896683,1.8916687267108936,89.27952694871418,0.2603405399814084,493.0,CA,wind_speed,m/s
graphcast,GraphCast,05,48,48h Lead,2025-01-10 12:00:00,1.8423633571400595,1.3277232258480096,69.85337986823708,0.39322484867427143,491.0,CA,wind_speed,m/s
graphcast,GraphCast,05,48,48h Lead,2025-01-10 18:00:00,2.0580908681470294,1.5398791120918713,107.66475272529719,0.1975330889868517,491.0,CA,wind_speed,m/s
graphcast,GraphCast,05,48,48h Lead,2025-01-11 00:00:00,1.9309932857922503,1.4288892605137535,61.989065904373895,0.30858884612309423,492.0,CA,wind_speed,m/s
graphcast,GraphCast,06,24,24h Lead,2025-01-07 00:00:00,1.6841122379884457,1.1883919590826684,56.78383849933392,0.3943230494271425,492.0,CA,wind_speed,m/s
graphcast,GraphCast,06,24,24h Lead,2025-01-07 06:00:00,2.4833061087715858,1.535276646924996,106.6836413881993,0.47949310506431253,491.0,CA,wind_speed,m/s
graphcast,GraphCast,06,24,24h Lead,2025-01-07 12:00:00,2.732698826552782,1.7066364339514961,91.7039582240508,0.4772470050208931,492.0,CA,wind_speed,m/s
graphcast,GraphCast,06,24,24h Lead,2025-01-07 18:00:00,2.6910531649664344,1.7572916324342966,67.90720207389114,0.5947552291395306,493.0,CA,wind_speed,m/s
graphcast,GraphCast,06,24,24h Lead,2025-01-08 00:00:00,2.581300235492425,1.7272326805007954,130.02489319751942,0.6284581963169731,492.0,CA,wind_speed,m/s
graphcast,GraphCast,06,24,24h Lead,2025-01-08 06:00:00,2.730745503130333,1.8189675738801236,73.2983779033994,0.6046476337430778,494.0,CA,wind_speed,m/s
graphcast,GraphCast,06,24,24h Lead,2025-01-08 12:00:00,2.839891196383875,1.8657571685034782,85.47396583942762,0.5412404699704787,492.0,CA,wind_speed,m/s
graphcast,GraphCast,06,24,24h Lead,2025-01-08 18:00:00,2.446398159862499,1.6564444882840552,61.39588309295816,0.6831659071368417,493.0,CA,wind_speed,m/s
graphcast,GraphCast,06,24,24h Lead,2025-01-09 00:00:00,2.031521404436918,1.3824411209967389,68.64757121085397,0.5435454879917957,493.0,CA,wind_speed,m/s
graphcast,GraphCast,06,24,24h Lead,2025-01-09 06:00:00,1.7369316674791304,1.1689613753907064,262.9617445882693,0.2728414844956666,493.0,CA,wind_speed,m/s
graphcast,GraphCast,06,24,24h Lead,2025-01-09 12:00:00,2.4919667007789417,1.5189629838958716,72.67676971492297,0.30206235358045674,493.0,CA,wind_speed,m/s
graphcast,GraphCast,06,24,24h Lead,2025-01-09 18:00:00,2.890758920704274,2.0035952414156464,117.50107394677627,0.5847383878199303,491.0,CA,wind_speed,m/s
graphcast,GraphCast,06,24,24h Lead,2025-01-10 00:00:00,2.914159668245589,2.12457583140491,78.3641457003618,0.49141197989843777,492.0,CA,wind_speed,m/s
graphcast,GraphCast,06,24,24h Lead,2025-01-10 06:00:00,2.8943691355729264,1.9600682667934508,88.32605063256878,0.19679959026362281,493.0,CA,wind_speed,m/s
graphcast,GraphCast,06,24,24h Lead,2025-01-10 12:00:00,2.020837810463925,1.4749374542377753,82.91989176550348,0.1932853994877699,491.0,CA,wind_speed,m/s
graphcast,GraphCast,06,24,24h Lead,2025-01-10 18:00:00,2.134622144194895,1.552597239403938,132.6098175862813,-0.03381241834747225,491.0,CA,wind_speed,m/s
graphcast,GraphCast,06,24,24h Lead,2025-01-11 00:00:00,1.9775822442157849,1.4061778143078574,70.44357211430606,0.26829209863204034,492.0,CA,wind_speed,m/s
graphcast,GraphCast,07,0,0h Lead,2025-01-07 00:00:00,1.777706172678763,1.225096325443043,54.46106207551947,0.31521812498033686,492.0,CA,wind_speed,m/s
graphcast,GraphCast,07,0,0h Lead,2025-01-07 06:00:00,2.50925171485659,1.5677609168137225,101.31112096971768,0.47086661907663796,491.0,CA,wind_speed,m/s
graphcast,GraphCast,07,0,0h Lead,2025-01-07 12:00:00,2.690294506399928,1.6649868291446832,88.81654875008256,0.49593582851607654,492.0,CA,wind_speed,m/s
graphcast,GraphCast,07,0,0h Lead,2025-01-07 18:00:00,2.648508150271466,1.7133243469479844,66.64575522186882,0.596783990451061,493.0,CA,wind_speed,m/s
graphcast,GraphCast,07,0,0h Lead,2025-01-08 00:00:00,2.540965235975242,1.709483966068554,134.7339508797753,0.6326417508418197,492.0,CA,wind_speed,m/s
graphcast,GraphCast,07,0,0h Lead,2025-01-08 06:00:00,2.6842563898497094,1.8010261402604912,77.03145735422702,0.601882281670297,494.0,CA,wind_speed,m/s
graphcast,GraphCast,07,0,0h Lead,2025-01-08 12:00:00,2.820134226324268,1.8573847019314251,94.54767588399278,0.5328332184128686,492.0,CA,wind_speed,m/s
graphcast,GraphCast,07,0,0h Lead,2025-01-08 18:00:00,2.2808975969638356,1.5640961851388155,66.41829349089593,0.691874698831286,493.0,CA,wind_speed,m/s
graphcast,GraphCast,07,0,0h Lead,2025-01-09 00:00:00,1.8150272349378547,1.2492439451024813,71.72012683456818,0.6084284848174938,493.0,CA,wind_speed,m/s
graphcast,GraphCast,07,0,0h Lead,2025-01-09 06:00:00,1.7481294940949998,1.2039189340176466,269.512890795796,0.28138726993597346,493.0,CA,wind_speed,m/s
graphcast,GraphCast,07,0,0h Lead,2025-01-09 12:00:00,2.5069326692272083,1.5374152876633176,74.92497735672389,0.26283162506777175,493.0,CA,wind_speed,m/s
graphcast,GraphCast,07,0,0h Lead,2025-01-09 18:00:00,2.9098614830845095,2.013778073770087,124.86789844851187,0.5596381679544101,491.0,CA,wind_speed,m/s
graphcast,GraphCast,07,0,0h Lead,2025-01-10 00:00:00,2.734509721008105,1.961117642129037,76.36866316734994,0.5512381128917494,492.0,CA,wind_speed,m/s
graphcast,GraphCast,07,0,0h Lead,2025-01-10 06:00:00,2.7678202301542916,1.858753297054804,87.86057243880776,0.2578423923194944,493.0,CA,wind_speed,m/s
graphcast,GraphCast,07,0,0h Lead,2025-01-10 12:00:00,1.8510103277429273,1.3361551698046887,69.69640699468079,0.3753662983406012,491.0,CA,wind_speed,m/s
graphcast,GraphCast,07,0,0h Lead,2025-01-10 18:00:00,2.101842825492167,1.5522608149696195,105.46162350583997,0.13903979302066438,491.0,CA,wind_speed,m/s
graphcast,GraphCast,07,0,0h Lead,2025-01-11 00:00:00,1.92112286782609,1.4335271363578193,61.482146254896804,0.330281159464186,492.0,CA,wind_speed,m/s
