model_key,model_name,run_day,leadtime_hr,lead_label,date_time,model_wind_speed,observed_wind_speed,bias,rmse,mae,mape,r,n,region
aurora,Aurora,07,0,0h Lead,2025-01-07 00:00:00,2.0560827255249023,2.54606294631958,-0.48998022079467773,1.0199388331019097,0.9397060380262487,28.577639709188563,0.8841144509520705,17,CA
aurora,Aurora,07,0,0h Lead,2025-01-07 06:00:00,2.2875664234161377,2.594547986984253,-0.30698156356811523,1.0199388331019097,0.9397060380262487,28.577639709188563,0.8841144509520705,17,CA
aurora,Aurora,07,0,0h Lead,2025-01-07 12:00:00,2.8171112537384033,3.5026187896728516,-0.6855075359344482,1.0199388331019097,0.9397060380262487,28.577639709188563,0.8841144509520705,17,CA
aurora,Aurora,07,0,0h Lead,2025-01-07 18:00:00,3.7199981212615967,4.4944353103637695,-0.7744371891021729,1.0199388331019097,0.9397060380262487,28.577639709188563,0.8841144509520705,17,CA
aurora,Aurora,07,0,0h Lead,2025-01-08 00:00:00,3.4205236434936523,4.685354709625244,-1.2648310661315918,1.0199388331019097,0.9397060380262487,28.577639709188563,0.8841144509520705,17,CA
aurora,Aurora,07,0,0h Lead,2025-01-08 06:00:00,3.7155468463897705,4.799880504608154,-1.0843336582183838,1.0199388331019097,0.9397060380262487,28.577639709188563,0.8841144509520705,17,CA
aurora,Aurora,07,0,0h Lead,2025-01-08 12:00:00,3.0931003093719482,4.359892845153809,-1.2667925357818604,1.0199388331019097,0.9397060380262487,28.577639709188563,0.8841144509520705,17,CA
aurora,Aurora,07,0,0h Lead,2025-01-08 18:00:00,3.037827491760254,3.9063727855682373,-0.8685452938079834,1.0199388331019097,0.9397060380262487,28.577639709188563,0.8841144509520705,17,CA
aurora,Aurora,07,0,0h Lead,2025-01-09 00:00:00,1.9580012559890747,2.978489875793457,-1.0204886198043823,1.0199388331019097,0.9397060380262487,28.577639709188563,0.8841144509520705,17,CA
aurora,Aurora,07,0,0h Lead,2025-01-09 06:00:00,1.789270043373108,2.137228488922119,-0.34795844554901123,1.0199388331019097,0.9397060380262487,28.577639709188563,0.8841144509520705,17,CA
aurora,Aurora,07,0,0h Lead,2025-01-09 12:00:00,1.877663493156433,2.5005717277526855,-0.6229082345962524,1.0199388331019097,0.9397060380262487,28.577639709188563,0.8841144509520705,17,CA
aurora,Aurora,07,0,0h Lead,2025-01-09 18:00:00,1.7006406784057617,3.352151870727539,-1.6515111923217773,1.0199388331019097,0.9397060380262487,28.577639709188563,0.8841144509520705,17,CA
aurora,Aurora,07,0,0h Lead,2025-01-10 00:00:00,1.8759111166000366,3.5184624195098877,-1.642551302909851,1.0199388331019097,0.9397060380262487,28.577639709188563,0.8841144509520705,17,CA
aurora,Aurora,07,0,0h Lead,2025-01-10 06:00:00,2.109610080718994,3.3108174800872803,-1.2012073993682861,1.0199388331019097,0.9397060380262487,28.577639709188563,0.8841144509520705,17,CA
aurora,Aurora,07,0,0h Lead,2025-01-10 12:00:00,1.8385590314865112,2.8077175617218018,-0.9691585302352905,1.0199388331019097,0.9397060380262487,28.577639709188563,0.8841144509520705,17,CA
aurora,Aurora,07,0,0h Lead,2025-01-10 18:00:00,1.1399774551391602,2.3510262966156006,-1.2110488414764404,1.0199388331019097,0.9397060380262487,28.577639709188563,0.8841144509520705,17,CA
aurora,Aurora,07,0,0h Lead,2025-01-11 00:00:00,1.8604395389556885,2.4272005558013916,-0.5667610168457031,1.0199388331019097,0.9397060380262487,28.577639709188563,0.8841144509520705,17,CA
aurora,Aurora,06,24,24h Lead,2025-01-07 00:00:00,2.136287212371826,2.54606294631958,-0.4097757339477539,1.0213935629038209,0.9370449220432955,28.48879658815059,0.8778496712623325,17,CA
aurora,Aurora,06,24,24h Lead,2025-01-07 06:00:00,2.271827220916748,2.594547986984253,-0.3227207660675049,1.0213935629038209,0.9370449220432955,28.48879658815059,0.8778496712623325,17,CA
aurora,Aurora,06,24,24h Lead,2025-01-07 12:00:00,2.8032584190368652,3.5026187896728516,-0.6993603706359863,1.0213935629038209,0.9370449220432955,28.48879658815059,0.8778496712623325,17,CA
aurora,Aurora,06,24,24h Lead,2025-01-07 18:00:00,3.490968942642212,4.4944353103637695,-1.0034663677215576,1.0213935629038209,0.9370449220432955,28.48879658815059,0.8778496712623325,17,CA
aurora,Aurora,06,24,24h Lead,2025-01-08 00:00:00,3.351802110671997,4.685354709625244,-1.333552598953247,1.0213935629038209,0.9370449220432955,28.48879658815059,0.8778496712623325,17,CA
aurora,Aurora,06,24,24h Lead,2025-01-08 06:00:00,3.6767985820770264,4.799880504608154,-1.123081922531128,1.0213935629038209,0.9370449220432955,28.48879658815059,0.8778496712623325,17,CA
aurora,Aurora,06,24,24h Lead,2025-01-08 12:00:00,3.3510076999664307,4.359892845153809,-1.008885145187378,1.0213935629038209,0.9370449220432955,28.48879658815059,0.8778496712623325,17,CA
aurora,Aurora,06,24,24h Lead,2025-01-08 18:00:00,3.089606761932373,3.9063727855682373,-0.8167660236358643,1.0213935629038209,0.9370449220432955,28.48879658815059,0.8778496712623325,17,CA
aurora,Aurora,06,24,24h Lead,2025-01-09 00:00:00,2.056922435760498,2.978489875793457,-0.921567440032959,1.0213935629038209,0.9370449220432955,28.48879658815059,0.8778496712623325,17,CA
aurora,Aurora,06,24,24h Lead,2025-01-09 06:00:00,1.7380309104919434,2.137228488922119,-0.3991975784301758,1.0213935629038209,0.9370449220432955,28.48879658815059,0.8778496712623325,17,CA
aurora,Aurora,06,24,24h Lead,2025-01-09 12:00:00,1.8135833740234375,2.5005717277526855,-0.686988353729248,1.0213935629038209,0.9370449220432955,28.48879658815059,0.8778496712623325,17,CA
aurora,Aurora,06,24,24h Lead,2025-01-09 18:00:00,1.7266132831573486,3.352151870727539,-1.6255385875701904,1.0213935629038209,0.9370449220432955,28.48879658815059,0.8778496712623325,17,CA
aurora,Aurora,06,24,24h Lead,2025-01-10 00:00:00,1.9477871656417847,3.5184624195098877,-1.570675253868103,1.0213935629038209,0.9370449220432955,28.48879658815059,0.8778496712623325,17,CA
aurora,Aurora,06,24,24h Lead,2025-01-10 06:00:00,2.059474468231201,3.3108174800872803,-1.251343011856079,1.0213935629038209,0.9370449220432955,28.48879658815059,0.8778496712623325,17,CA
aurora,Aurora,06,24,24h Lead,2025-01-10 12:00:00,1.7591981887817383,2.8077175617218018,-1.0485193729400635,1.0213935629038209,0.9370449220432955,28.48879658815059,0.8778496712623325,17,CA
aurora,Aurora,06,24,24h Lead,2025-01-10 18:00:00,0.9830634593963623,2.3510262966156006,-1.3679628372192383,1.0213935629038209,0.9370449220432955,28.48879658815059,0.8778496712623325,17,CA
aurora,Aurora,06,24,24h Lead,2025-01-11 00:00:00,2.0868382453918457,2.4272005558013916,-0.3403623104095459,1.0213935629038209,0.9370449220432955,28.48879658815059,0.8778496712623325,17,CA
aurora,Aurora,05,48,48h Lead,2025-01-07 00:00:00,2.144829750061035,2.54606294631958,-0.4012331962585449,0.9900474865824478,0.8527557359022253,25.502708971244285,0.8108571227145025,17,CA
aurora,Aurora,05,48,48h Lead,2025-01-07 06:00:00,2.0242912769317627,2.594547986984253,-0.5702567100524902,0.9900474865824478,0.8527557359022253,25.502708971244285,0.8108571227145025,17,CA
aurora,Aurora,05,48,48h Lead,2025-01-07 12:00:00,2.5422401428222656,3.5026187896728516,-0.9603786468505859,0.9900474865824478,0.8527557359022253,25.502708971244285,0.8108571227145025,17,CA
aurora,Aurora,05,48,48h Lead,2025-01-07 18:00:00,3.045006036758423,4.4944353103637695,-1.4494292736053467,0.9900474865824478,0.8527557359022253,25.502708971244285,0.8108571227145025,17,CA
aurora,Aurora,05,48,48h Lead,2025-01-08 00:00:00,3.402773141860962,4.685354709625244,-1.2825815677642822,0.9900474865824478,0.8527557359022253,25.502708971244285,0.8108571227145025,17,CA
aurora,Aurora,05,48,48h Lead,2025-01-08 06:00:00,3.624469041824341,4.799880504608154,-1.1754114627838135,0.9900474865824478,0.8527557359022253,25.502708971244285,0.8108571227145025,17,CA
aurora,Aurora,05,48,48h Lead,2025-01-08 12:00:00,3.7537107467651367,4.359892845153809,-0.6061820983886719,0.9900474865824478,0.8527557359022253,25.502708971244285,0.8108571227145025,17,CA
aurora,Aurora,05,48,48h Lead,2025-01-08 18:00:00,3.807528257369995,3.9063727855682373,-0.09884452819824219,0.9900474865824478,0.8527557359022253,25.502708971244285,0.8108571227145025,17,CA
aurora,Aurora,05,48,48h Lead,2025-01-09 00:00:00,2.6487314701080322,2.978489875793457,-0.3297584056854248,0.9900474865824478,0.8527557359022253,25.502708971244285,0.8108571227145025,17,CA
aurora,Aurora,05,48,48h Lead,2025-01-09 06:00:00,2.0217480659484863,2.137228488922119,-0.11548042297363281,0.9900474865824478,0.8527557359022253,25.502708971244285,0.8108571227145025,17,CA
aurora,Aurora,05,48,48h Lead,2025-01-09 12:00:00,1.8415271043777466,2.5005717277526855,-0.659044623374939,0.9900474865824478,0.8527557359022253,25.502708971244285,0.8108571227145025,17,CA
aurora,Aurora,05,48,48h Lead,2025-01-09 18:00:00,1.3709986209869385,3.352151870727539,-1.9811532497406006,0.9900474865824478,0.8527557359022253,25.502708971244285,0.8108571227145025,17,CA
aurora,Aurora,05,48,48h Lead,2025-01-10 00:00:00,1.9690260887145996,3.5184624195098877,-1.549436330795288,0.9900474865824478,0.8527557359022253,25.502708971244285,0.8108571227145025,17,CA
aurora,Aurora,05,48,48h Lead,2025-01-10 06:00:00,2.2252063751220703,3.3108174800872803,-1.08561110496521,0.9900474865824478,0.8527557359022253,25.502708971244285,0.8108571227145025,17,CA
aurora,Aurora,05,48,48h Lead,2025-01-10 12:00:00,2.131776809692383,2.8077175617218018,-0.675940752029419,0.9900474865824478,0.8527557359022253,25.502708971244285,0.8108571227145025,17,CA
aurora,Aurora,05,48,48h Lead,2025-01-10 18:00:00,1.6773635149002075,2.3510262966156006,-0.6736627817153931,0.9900474865824478,0.8527557359022253,25.502708971244285,0.8108571227145025,17,CA
aurora,Aurora,05,48,48h Lead,2025-01-11 00:00:00,1.5447582006454468,2.4272005558013916,-0.8824423551559448,0.9900474865824478,0.8527557359022253,25.502708971244285,0.8108571227145025,17,CA
aurora,Aurora,03,96,96h Lead,2025-01-07 00:00:00,1.9973642826080322,2.54606294631958,-0.5486986637115479,1.0716836781077788,0.9579211473464966,28.902489720725335,0.5085183106646938,17,CA
aurora,Aurora,03,96,96h Lead,2025-01-07 06:00:00,1.7420824766159058,2.594547986984253,-0.8524655103683472,1.0716836781077788,0.9579211473464966,28.902489720725335,0.5085183106646938,17,CA
aurora,Aurora,03,96,96h Lead,2025-01-07 12:00:00,1.9661768674850464,3.5026187896728516,-1.5364419221878052,1.0716836781077788,0.9579211473464966,28.902489720725335,0.5085183106646938,17,CA
aurora,Aurora,03,96,96h Lead,2025-01-07 18:00:00,2.3778035640716553,4.4944353103637695,-2.1166317462921143,1.0716836781077788,0.9579211473464966,28.902489720725335,0.5085183106646938,17,CA
aurora,Aurora,03,96,96h Lead,2025-01-08 00:00:00,3.0326759815216064,4.685354709625244,-1.6526787281036377,1.0716836781077788,0.9579211473464966,28.902489720725335,0.5085183106646938,17,CA
aurora,Aurora,03,96,96h Lead,2025-01-08 06:00:00,3.6173160076141357,4.799880504608154,-1.1825644969940186,1.0716836781077788,0.9579211473464966,28.902489720725335,0.5085183106646938,17,CA
aurora,Aurora,03,96,96h Lead,2025-01-08 12:00:00,3.6774370670318604,4.359892845153809,-0.6824557781219482,1.0716836781077788,0.9579211473464966,28.902489720725335,0.5085183106646938,17,CA
aurora,Aurora,03,96,96h Lead,2025-01-08 18:00:00,4.266026496887207,3.9063727855682373,0.3596537113189697,1.0716836781077788,0.9579211473464966,28.902489720725335,0.5085183106646938,17,CA
aurora,Aurora,03,96,96h Lead,2025-01-09 00:00:00,3.72066330909729,2.978489875793457,0.742173433303833,1.0716836781077788,0.9579211473464966,28.902489720725335,0.5085183106646938,17,CA
aurora,Aurora,03,96,96h Lead,2025-01-09 06:00:00,3.122922897338867,2.137228488922119,0.985694408416748,1.0716836781077788,0.9579211473464966,28.902489720725335,0.5085183106646938,17,CA
aurora,Aurora,03,96,96h Lead,2025-01-09 12:00:00,2.6527817249298096,2.5005717277526855,0.15220999717712402,1.0716836781077788,0.9579211473464966,28.902489720725335,0.5085183106646938,17,CA
aurora,Aurora,03,96,96h Lead,2025-01-09 18:00:00,2.5176806449890137,3.352151870727539,-0.8344712257385254,1.0716836781077788,0.9579211473464966,28.902489720725335,0.5085183106646938,17,CA
aurora,Aurora,03,96,96h Lead,2025-01-10 00:00:00,2.191789150238037,3.5184624195098877,-1.3266732692718506,1.0716836781077788,0.9579211473464966,28.902489720725335,0.5085183106646938,17,CA
aurora,Aurora,03,96,96h Lead,2025-01-10 06:00:00,2.16007924079895,3.3108174800872803,-1.15073823928833,1.0716836781077788,0.9579211473464966,28.902489720725335,0.5085183106646938,17,CA
aurora,Aurora,03,96,96h Lead,2025-01-10 12:00:00,2.2274796962738037,2.8077175617218018,-0.580237865447998,1.0716836781077788,0.9579211473464966,28.902489720725335,0.5085183106646938,17,CA
aurora,Aurora,03,96,96h Lead,2025-01-10 18:00:00,1.6573106050491333,2.3510262966156006,-0.6937156915664673,1.0716836781077788,0.9579211473464966,28.902489720725335,0.5085183106646938,17,CA
aurora,Aurora,03,96,96h Lead,2025-01-11 00:00:00,1.5400457382202148,2.4272005558013916,-0.8871548175811768,1.0716836781077788,0.9579211473464966,28.902489720725335,0.5085183106646938,17,CA
aurora,Aurora,01,144,144h Lead,2025-01-07 00:00:00,2.6850483417510986,2.54606294631958,0.13898539543151855,1.192016251542858,0.9761045995880576,30.477108082228398,0.654585654661099,17,CA
aurora,Aurora,01,144,144h Lead,2025-01-07 06:00:00,3.358264684677124,2.594547986984253,0.7637166976928711,1.192016251542858,0.9761045995880576,30.477108082228398,0.654585654661099,17,CA
aurora,Aurora,01,144,144h Lead,2025-01-07 12:00:00,3.424745798110962,3.5026187896728516,-0.07787299156188965,1.192016251542858,0.9761045995880576,30.477108082228398,0.654585654661099,17,CA
aurora,Aurora,01,144,144h Lead,2025-01-07 18:00:00,3.980705499649048,4.4944353103637695,-0.5137298107147217,1.192016251542858,0.9761045995880576,30.477108082228398,0.654585654661099,17,CA
aurora,Aurora,01,144,144h Lead,2025-01-08 00:00:00,3.902405023574829,4.685354709625244,-0.782949686050415,1.192016251542858,0.9761045995880576,30.477108082228398,0.654585654661099,17,CA
aurora,Aurora,01,144,144h Lead,2025-01-08 06:00:00,3.5471348762512207,4.799880504608154,-1.2527456283569336,1.192016251542858,0.9761045995880576,30.477108082228398,0.654585654661099,17,CA
aurora,Aurora,01,144,144h Lead,2025-01-08 12:00:00,3.5076825618743896,4.359892845153809,-0.852210283279419,1.192016251542858,0.9761045995880576,30.477108082228398,0.654585654661099,17,CA
aurora,Aurora,01,144,144h Lead,2025-01-08 18:00:00,3.301406145095825,3.9063727855682373,-0.6049666404724121,1.192016251542858,0.9761045995880576,30.477108082228398,0.654585654661099,17,CA
aurora,Aurora,01,144,144h Lead,2025-01-09 00:00:00,2.4539623260498047,2.978489875793457,-0.5245275497436523,1.192016251542858,0.9761045995880576,30.477108082228398,0.654585654661099,17,CA
aurora,Aurora,01,144,144h Lead,2025-01-09 06:00:00,1.893766164779663,2.137228488922119,-0.24346232414245605,1.192016251542858,0.9761045995880576,30.477108082228398,0.654585654661099,17,CA
aurora,Aurora,01,144,144h Lead,2025-01-09 12:00:00,1.6576377153396606,2.5005717277526855,-0.8429340124130249,1.192016251542858,0.9761045995880576,30.477108082228398,0.654585654661099,17,CA
aurora,Aurora,01,144,144h Lead,2025-01-09 18:00:00,0.8919064998626709,3.352151870727539,-2.460245370864868,1.192016251542858,0.9761045995880576,30.477108082228398,0.654585654661099,17,CA
aurora,Aurora,01,144,144h Lead,2025-01-10 00:00:00,1.564669132232666,3.5184624195098877,-1.9537932872772217,1.192016251542858,0.9761045995880576,30.477108082228398,0.654585654661099,17,CA
aurora,Aurora,01,144,144h Lead,2025-01-10 06:00:00,1.232542872428894,3.3108174800872803,-2.0782746076583862,1.192016251542858,0.9761045995880576,30.477108082228398,0.654585654661099,17,CA
aurora,Aurora,01,144,144h Lead,2025-01-10 12:00:00,1.2132453918457031,2.8077175617218018,-1.5944721698760986,1.192016251542858,0.9761045995880576,30.477108082228398,0.654585654661099,17,CA
aurora,Aurora,01,144,144h Lead,2025-01-10 18:00:00,0.9440330862998962,2.3510262966156006,-1.4069932103157043,1.192016251542858,0.9761045995880576,30.477108082228398,0.654585654661099,17,CA
aurora,Aurora,01,144,144h Lead,2025-01-11 00:00:00,1.9253020286560059,2.4272005558013916,-0.5018985271453857,1.192016251542858,0.9761045995880576,30.477108082228398,0.654585654661099,17,CA
fcn2,FourCastNet v2,07,0,0h Lead,2025-01-07 00:00:00,2.0560827255249023,2.54606294631958,-0.48998022079467773,1.320489791769686,1.2120381523581112,37.900954210990086,0.8228791656749529,17,CA
fcn2,FourCastNet v2,07,0,0h Lead,2025-01-07 06:00:00,2.0921452045440674,2.594547986984253,-0.5024027824401855,1.320489791769686,1.2120381523581112,37.900954210990086,0.8228791656749529,17,CA
fcn2,FourCastNet v2,07,0,0h Lead,2025-01-07 12:00:00,2.915849447250366,3.5026187896728516,-0.5867693424224854,1.320489791769686,1.2120381523581112,37.900954210990086,0.8228791656749529,17,CA
fcn2,FourCastNet v2,07,0,0h Lead,2025-01-07 18:00:00,3.5799779891967773,4.4944353103637695,-0.9144573211669922,1.320489791769686,1.2120381523581112,37.900954210990086,0.8228791656749529,17,CA
fcn2,FourCastNet v2,07,0,0h Lead,2025-01-08 00:00:00,3.803100824356079,4.685354709625244,-0.882253885269165,1.320489791769686,1.2120381523581112,37.900954210990086,0.8228791656749529,17,CA
fcn2,FourCastNet v2,07,0,0h Lead,2025-01-08 06:00:00,3.224907159805298,4.799880504608154,-1.5749733448028564,1.320489791769686,1.2120381523581112,37.900954210990086,0.8228791656749529,17,CA
fcn2,FourCastNet v2,07,0,0h Lead,2025-01-08 12:00:00,2.991044521331787,4.359892845153809,-1.3688483238220215,1.320489791769686,1.2120381523581112,37.900954210990086,0.8228791656749529,17,CA
fcn2,FourCastNet v2,07,0,0h Lead,2025-01-08 18:00:00,2.771995782852173,3.9063727855682373,-1.1343770027160645,1.320489791769686,1.2120381523581112,37.900954210990086,0.8228791656749529,17,CA
fcn2,FourCastNet v2,07,0,0h Lead,2025-01-09 00:00:00,2.052791118621826,2.978489875793457,-0.9256987571716309,1.320489791769686,1.2120381523581112,37.900954210990086,0.8228791656749529,17,CA
fcn2,FourCastNet v2,07,0,0h Lead,2025-01-09 06:00:00,1.3848572969436646,2.137228488922119,-0.7523711919784546,1.320489791769686,1.2120381523581112,37.900954210990086,0.8228791656749529,17,CA
fcn2,FourCastNet v2,07,0,0h Lead,2025-01-09 12:00:00,1.2584055662155151,2.5005717277526855,-1.2421661615371704,1.320489791769686,1.2120381523581112,37.900954210990086,0.8228791656749529,17,CA
fcn2,FourCastNet v2,07,0,0h Lead,2025-01-09 18:00:00,1.4435350894927979,3.352151870727539,-1.9086167812347412,1.320489791769686,1.2120381523581112,37.900954210990086,0.8228791656749529,17,CA
fcn2,FourCastNet v2,07,0,0h Lead,2025-01-10 00:00:00,1.2214255332946777,3.5184624195098877,-2.29703688621521,1.320489791769686,1.2120381523581112,37.900954210990086,0.8228791656749529,17,CA
fcn2,FourCastNet v2,07,0,0h Lead,2025-01-10 06:00:00,1.2153254747390747,3.3108174800872803,-2.0954920053482056,1.320489791769686,1.2120381523581112,37.900954210990086,0.8228791656749529,17,CA
fcn2,FourCastNet v2,07,0,0h Lead,2025-01-10 12:00:00,1.2642114162445068,2.8077175617218018,-1.543506145477295,1.320489791769686,1.2120381523581112,37.900954210990086,0.8228791656749529,17,CA
fcn2,FourCastNet v2,07,0,0h Lead,2025-01-10 18:00:00,1.0067404508590698,2.3510262966156006,-1.3442858457565308,1.320489791769686,1.2120381523581112,37.900954210990086,0.8228791656749529,17,CA
fcn2,FourCastNet v2,07,0,0h Lead,2025-01-11 00:00:00,1.3857879638671875,2.4272005558013916,-1.041412591934204,1.320489791769686,1.2120381523581112,37.900954210990086,0.8228791656749529,17,CA
fcn2,FourCastNet v2,06,24,24h Lead,2025-01-07 00:00:00,1.7309064865112305,2.54606294631958,-0.8151564598083496,1.5770247416674001,1.4752742998740251,45.3146204199527,0.7713010271582679,17,CA
fcn2,FourCastNet v2,06,24,24h Lead,2025-01-07 06:00:00,1.8455890417099,2.594547986984253,-0.748958945274353,1.5770247416674001,1.4752742998740251,45.3146204199527,0.7713010271582679,17,CA
fcn2,FourCastNet v2,06,24,24h Lead,2025-01-07 12:00:00,2.6198008060455322,3.5026187896728516,-0.8828179836273193,1.5770247416674001,1.4752742998740251,45.3146204199527,0.7713010271582679,17,CA
fcn2,FourCastNet v2,06,24,24h Lead,2025-01-07 18:00:00,3.1424834728240967,4.4944353103637695,-1.3519518375396729,1.5770247416674001,1.4752742998740251,45.3146204199527,0.7713010271582679,17,CA
fcn2,FourCastNet v2,06,24,24h Lead,2025-01-08 00:00:00,3.4449925422668457,4.685354709625244,-1.2403621673583984,1.5770247416674001,1.4752742998740251,45.3146204199527,0.7713010271582679,17,CA
fcn2,FourCastNet v2,06,24,24h Lead,2025-01-08 06:00:00,2.824021100997925,4.799880504608154,-1.9758594036102295,1.5770247416674001,1.4752742998740251,45.3146204199527,0.7713010271582679,17,CA
fcn2,FourCastNet v2,06,24,24h Lead,2025-01-08 12:00:00,2.409165859222412,4.359892845153809,-1.9507269859313965,1.5770247416674001,1.4752742998740251,45.3146204199527,0.7713010271582679,17,CA
fcn2,FourCastNet v2,06,24,24h Lead,2025-01-08 18:00:00,2.1811864376068115,3.9063727855682373,-1.7251863479614258,1.5770247416674001,1.4752742998740251,45.3146204199527,0.7713010271582679,17,CA
fcn2,FourCastNet v2,06,24,24h Lead,2025-01-09 00:00:00,1.8535839319229126,2.978489875793457,-1.1249059438705444,1.5770247416674001,1.4752742998740251,45.3146204199527,0.7713010271582679,17,CA
fcn2,FourCastNet v2,06,24,24h Lead,2025-01-09 06:00:00,1.257718563079834,2.137228488922119,-0.8795099258422852,1.5770247416674001,1.4752742998740251,45.3146204199527,0.7713010271582679,17,CA
fcn2,FourCastNet v2,06,24,24h Lead,2025-01-09 12:00:00,1.1160067319869995,2.5005717277526855,-1.384564995765686,1.5770247416674001,1.4752742998740251,45.3146204199527,0.7713010271582679,17,CA
fcn2,FourCastNet v2,06,24,24h Lead,2025-01-09 18:00:00,1.1615016460418701,3.352151870727539,-2.190650224685669,1.5770247416674001,1.4752742998740251,45.3146204199527,0.7713010271582679,17,CA
fcn2,FourCastNet v2,06,24,24h Lead,2025-01-10 00:00:00,1.0355993509292603,3.5184624195098877,-2.4828630685806274,1.5770247416674001,1.4752742998740251,45.3146204199527,0.7713010271582679,17,CA
fcn2,FourCastNet v2,06,24,24h Lead,2025-01-10 06:00:00,1.0024675130844116,3.3108174800872803,-2.3083499670028687,1.5770247416674001,1.4752742998740251,45.3146204199527,0.7713010271582679,17,CA
fcn2,FourCastNet v2,06,24,24h Lead,2025-01-10 12:00:00,1.0416646003723145,2.8077175617218018,-1.7660529613494873,1.5770247416674001,1.4752742998740251,45.3146204199527,0.7713010271582679,17,CA
fcn2,FourCastNet v2,06,24,24h Lead,2025-01-10 18:00:00,0.8249626755714417,2.3510262966156006,-1.526063621044159,1.5770247416674001,1.4752742998740251,45.3146204199527,0.7713010271582679,17,CA
fcn2,FourCastNet v2,06,24,24h Lead,2025-01-11 00:00:00,1.7015182971954346,2.4272005558013916,-0.725682258605957,1.5770247416674001,1.4752742998740251,45.3146204199527,0.7713010271582679,17,CA
fcn2,FourCastNet v2,05,48,48h Lead,2025-01-07 00:00:00,1.7471712827682495,2.54606294631958,-0.7988916635513306,1.2857196322392,1.1532843989484451,36.38278628209583,0.8191103928071409,17,CA
fcn2,FourCastNet v2,05,48,48h Lead,2025-01-07 06:00:00,1.7395645380020142,2.594547986984253,-0.8549834489822388,1.2857196322392,1.1532843989484451,36.38278628209583,0.8191103928071409,17,CA
fcn2,FourCastNet v2,05,48,48h Lead,2025-01-07 12:00:00,2.5688676834106445,3.5026187896728516,-0.933751106262207,1.2857196322392,1.1532843989484451,36.38278628209583,0.8191103928071409,17,CA
fcn2,FourCastNet v2,05,48,48h Lead,2025-01-07 18:00:00,3.5472517013549805,4.4944353103637695,-0.9471836090087891,1.2857196322392,1.1532843989484451,36.38278628209583,0.8191103928071409,17,CA
fcn2,FourCastNet v2,05,48,48h Lead,2025-01-08 00:00:00,4.061905860900879,4.685354709625244,-0.6234488487243652,1.2857196322392,1.1532843989484451,36.38278628209583,0.8191103928071409,17,CA
fcn2,FourCastNet v2,05,48,48h Lead,2025-01-08 06:00:00,3.4681122303009033,4.799880504608154,-1.331768274307251,1.2857196322392,1.1532843989484451,36.38278628209583,0.8191103928071409,17,CA
fcn2,FourCastNet v2,05,48,48h Lead,2025-01-08 12:00:00,3.27303409576416,4.359892845153809,-1.0868587493896484,1.2857196322392,1.1532843989484451,36.38278628209583,0.8191103928071409,17,CA
fcn2,FourCastNet v2,05,48,48h Lead,2025-01-08 18:00:00,3.2179343700408936,3.9063727855682373,-0.6884384155273438,1.2857196322392,1.1532843989484451,36.38278628209583,0.8191103928071409,17,CA
fcn2,FourCastNet v2,05,48,48h Lead,2025-01-09 00:00:00,2.596608877182007,2.978489875793457,-0.3818809986114502,1.2857196322392,1.1532843989484451,36.38278628209583,0.8191103928071409,17,CA
fcn2,FourCastNet v2,05,48,48h Lead,2025-01-09 06:00:00,1.7698328495025635,2.137228488922119,-0.36739563941955566,1.2857196322392,1.1532843989484451,36.38278628209583,0.8191103928071409,17,CA
fcn2,FourCastNet v2,05,48,48h Lead,2025-01-09 12:00:00,1.5068737268447876,2.5005717277526855,-0.993698000907898,1.2857196322392,1.1532843989484451,36.38278628209583,0.8191103928071409,17,CA
fcn2,FourCastNet v2,05,48,48h Lead,2025-01-09 18:00:00,1.4027621746063232,3.352151870727539,-1.9493896961212158,1.2857196322392,1.1532843989484451,36.38278628209583,0.8191103928071409,17,CA
fcn2,FourCastNet v2,05,48,48h Lead,2025-01-10 00:00:00,1.227729082107544,3.5184624195098877,-2.2907333374023438,1.2857196322392,1.1532843989484451,36.38278628209583,0.8191103928071409,17,CA
fcn2,FourCastNet v2,05,48,48h Lead,2025-01-10 06:00:00,1.082757592201233,3.3108174800872803,-2.2280598878860474,1.2857196322392,1.1532843989484451,36.38278628209583,0.8191103928071409,17,CA
fcn2,FourCastNet v2,05,48,48h Lead,2025-01-10 12:00:00,1.1219491958618164,2.8077175617218018,-1.6857683658599854,1.2857196322392,1.1532843989484451,36.38278628209583,0.8191103928071409,17,CA
fcn2,FourCastNet v2,05,48,48h Lead,2025-01-10 18:00:00,0.9895009398460388,2.3510262966156006,-1.3615253567695618,1.2857196322392,1.1532843989484451,36.38278628209583,0.8191103928071409,17,CA
fcn2,FourCastNet v2,05,48,48h Lead,2025-01-11 00:00:00,1.3451411724090576,2.4272005558013916,-1.082059383392334,1.2857196322392,1.1532843989484451,36.38278628209583,0.8191103928071409,17,CA
fcn2,FourCastNet v2,03,96,96h Lead,2025-01-07 00:00:00,1.4219883680343628,2.54606294631958,-1.1240745782852173,1.1681367590419696,1.0967841218499577,33.49113414389889,0.8809233012253793,17,CA
fcn2,FourCastNet v2,03,96,96h Lead,2025-01-07 06:00:00,1.6784754991531372,2.594547986984253,-0.9160724878311157,1.1681367590419696,1.0967841218499577,33.49113414389889,0.8809233012253793,17,CA
fcn2,FourCastNet v2,03,96,96h Lead,2025-01-07 12:00:00,2.2197163105010986,3.5026187896728516,-1.282902479171753,1.1681367590419696,1.0967841218499577,33.49113414389889,0.8809233012253793,17,CA
fcn2,FourCastNet v2,03,96,96h Lead,2025-01-07 18:00:00,2.9203004837036133,4.4944353103637695,-1.5741348266601562,1.1681367590419696,1.0967841218499577,33.49113414389889,0.8809233012253793,17,CA
fcn2,FourCastNet v2,03,96,96h Lead,2025-01-08 00:00:00,3.4747865200042725,4.685354709625244,-1.2105681896209717,1.1681367590419696,1.0967841218499577,33.49113414389889,0.8809233012253793,17,CA
fcn2,FourCastNet v2,03,96,96h Lead,2025-01-08 06:00:00,3.3162546157836914,4.799880504608154,-1.483625888824463,1.1681367590419696,1.0967841218499577,33.49113414389889,0.8809233012253793,17,CA
fcn2,FourCastNet v2,03,96,96h Lead,2025-01-08 12:00:00,3.284604787826538,4.359892845153809,-1.0752880573272705,1.1681367590419696,1.0967841218499577,33.49113414389889,0.8809233012253793,17,CA
fcn2,FourCastNet v2,03,96,96h Lead,2025-01-08 18:00:00,3.2171823978424072,3.9063727855682373,-0.6891903877258301,1.1681367590419696,1.0967841218499577,33.49113414389889,0.8809233012253793,17,CA
fcn2,FourCastNet v2,03,96,96h Lead,2025-01-09 00:00:00,2.5133256912231445,2.978489875793457,-0.4651641845703125,1.1681367590419696,1.0967841218499577,33.49113414389889,0.8809233012253793,17,CA
fcn2,FourCastNet v2,03,96,96h Lead,2025-01-09 06:00:00,1.9171496629714966,2.137228488922119,-0.22007882595062256,1.1681367590419696,1.0967841218499577,33.49113414389889,0.8809233012253793,17,CA
fcn2,FourCastNet v2,03,96,96h Lead,2025-01-09 12:00:00,1.8463008403778076,2.5005717277526855,-0.6542708873748779,1.1681367590419696,1.0967841218499577,33.49113414389889,0.8809233012253793,17,CA
fcn2,FourCastNet v2,03,96,96h Lead,2025-01-09 18:00:00,1.9749094247817993,3.352151870727539,-1.3772424459457397,1.1681367590419696,1.0967841218499577,33.49113414389889,0.8809233012253793,17,CA
fcn2,FourCastNet v2,03,96,96h Lead,2025-01-10 00:00:00,1.8675209283828735,3.5184624195098877,-1.6509414911270142,1.1681367590419696,1.0967841218499577,33.49113414389889,0.8809233012253793,17,CA
fcn2,FourCastNet v2,03,96,96h Lead,2025-01-10 06:00:00,1.6759201288223267,3.3108174800872803,-1.6348973512649536,1.1681367590419696,1.0967841218499577,33.49113414389889,0.8809233012253793,17,CA
fcn2,FourCastNet v2,03,96,96h Lead,2025-01-10 12:00:00,1.581629753112793,2.8077175617218018,-1.2260878086090088,1.1681367590419696,1.0967841218499577,33.49113414389889,0.8809233012253793,17,CA
fcn2,FourCastNet v2,03,96,96h Lead,2025-01-10 18:00:00,1.4909582138061523,2.3510262966156006,-0.8600680828094482,1.1681367590419696,1.0967841218499577,33.49113414389889,0.8809233012253793,17,CA
fcn2,FourCastNet v2,03,96,96h Lead,2025-01-11 00:00:00,1.2264784574508667,2.4272005558013916,-1.200722098350525,1.1681367590419696,1.0967841218499577,33.49113414389889,0.8809233012253793,17,CA
fcn2,FourCastNet v2,01,144,144h Lead,2025-01-07 00:00:00,1.5597050189971924,2.54606294631958,-0.9863579273223877,1.4803999242095736,1.3642313480377197,40.19934134583889,0.7522607715253692,17,CA
fcn2,FourCastNet v2,01,144,144h Lead,2025-01-07 06:00:00,1.8628454208374023,2.594547986984253,-0.7317025661468506,1.4803999242095736,1.3642313480377197,40.19934134583889,0.7522607715253692,17,CA
fcn2,FourCastNet v2,01,144,144h Lead,2025-01-07 12:00:00,2.3045380115509033,3.5026187896728516,-1.1980807781219482,1.4803999242095736,1.3642313480377197,40.19934134583889,0.7522607715253692,17,CA
fcn2,FourCastNet v2,01,144,144h Lead,2025-01-07 18:00:00,2.9127860069274902,4.4944353103637695,-1.5816493034362793,1.4803999242095736,1.3642313480377197,40.19934134583889,0.7522607715253692,17,CA
fcn2,FourCastNet v2,01,144,144h Lead,2025-01-08 00:00:00,2.768691062927246,4.685354709625244,-1.916663646697998,1.4803999242095736,1.3642313480377197,40.19934134583889,0.7522607715253692,17,CA
fcn2,FourCastNet v2,01,144,144h Lead,2025-01-08 06:00:00,2.3054916858673096,4.799880504608154,-2.4943888187408447,1.4803999242095736,1.3642313480377197,40.19934134583889,0.7522607715253692,17,CA
fcn2,FourCastNet v2,01,144,144h Lead,2025-01-08 12:00:00,2.2001640796661377,4.359892845153809,-2.159728765487671,1.4803999242095736,1.3642313480377197,40.19934134583889,0.7522607715253692,17,CA
fcn2,FourCastNet v2,01,144,144h Lead,2025-01-08 18:00:00,2.3746707439422607,3.9063727855682373,-1.5317020416259766,1.4803999242095736,1.3642313480377197,40.19934134583889,0.7522607715253692,17,CA
fcn2,FourCastNet v2,01,144,144h Lead,2025-01-09 00:00:00,1.9583648443222046,2.978489875793457,-1.0201250314712524,1.4803999242095736,1.3642313480377197,40.19934134583889,0.7522607715253692,17,CA
fcn2,FourCastNet v2,01,144,144h Lead,2025-01-09 06:00:00,1.8385957479476929,2.137228488922119,-0.29863274097442627,1.4803999242095736,1.3642313480377197,40.19934134583889,0.7522607715253692,17,CA
fcn2,FourCastNet v2,01,144,144h Lead,2025-01-09 12:00:00,1.9051790237426758,2.5005717277526855,-0.5953927040100098,1.4803999242095736,1.3642313480377197,40.19934134583889,0.7522607715253692,17,CA
fcn2,FourCastNet v2,01,144,144h Lead,2025-01-09 18:00:00,2.1233584880828857,3.352151870727539,-1.2287933826446533,1.4803999242095736,1.3642313480377197,40.19934134583889,0.7522607715253692,17,CA
fcn2,FourCastNet v2,01,144,144h Lead,2025-01-10 00:00:00,1.5551079511642456,3.5184624195098877,-1.963354468345642,1.4803999242095736,1.3642313480377197,40.19934134583889,0.7522607715253692,17,CA
fcn2,FourCastNet v2,01,144,144h Lead,2025-01-10 06:00:00,1.5308806896209717,3.3108174800872803,-1.7799367904663086,1.4803999242095736,1.3642313480377197,40.19934134583889,0.7522607715253692,17,CA
fcn2,FourCastNet v2,01,144,144h Lead,2025-01-10 12:00:00,1.6182245016098022,2.8077175617218018,-1.1894930601119995,1.4803999242095736,1.3642313480377197,40.19934134583889,0.7522607715253692,17,CA
fcn2,FourCastNet v2,01,144,144h Lead,2025-01-10 18:00:00,1.4857845306396484,2.3510262966156006,-0.8652417659759521,1.4803999242095736,1.3642313480377197,40.19934134583889,0.7522607715253692,17,CA
fcn2,FourCastNet v2,01,144,144h Lead,2025-01-11 00:00:00,0.7765114307403564,2.4272005558013916,-1.6506891250610352,1.4803999242095736,1.3642313480377197,40.19934134583889,0.7522607715253692,17,CA
fcn3,FourCastNet v3,07,0,0h Lead,2025-01-07 00:00:00,2.0560827255249023,2.54606294631958,-0.48998022079467773,0.8926020901913573,0.7930151504628798,23.516369679886264,0.8690498674075298,17,CA
fcn3,FourCastNet v3,07,0,0h Lead,2025-01-07 06:00:00,2.380417823791504,2.594547986984253,-0.21413016319274902,0.8926020901913573,0.7930151504628798,23.516369679886264,0.8690498674075298,17,CA
fcn3,FourCastNet v3,07,0,0h Lead,2025-01-07 12:00:00,2.7993905544281006,3.5026187896728516,-0.703228235244751,0.8926020901913573,0.7930151504628798,23.516369679886264,0.8690498674075298,17,CA
fcn3,FourCastNet v3,07,0,0h Lead,2025-01-07 18:00:00,4.105818271636963,4.4944353103637695,-0.38861703872680664,0.8926020901913573,0.7930151504628798,23.516369679886264,0.8690498674075298,17,CA
fcn3,FourCastNet v3,07,0,0h Lead,2025-01-08 00:00:00,3.7214667797088623,4.685354709625244,-0.9638879299163818,0.8926020901913573,0.7930151504628798,23.516369679886264,0.8690498674075298,17,CA
fcn3,FourCastNet v3,07,0,0h Lead,2025-01-08 06:00:00,3.40956974029541,4.799880504608154,-1.3903107643127441,0.8926020901913573,0.7930151504628798,23.516369679886264,0.8690498674075298,17,CA
fcn3,FourCastNet v3,07,0,0h Lead,2025-01-08 12:00:00,3.093022108078003,4.359892845153809,-1.2668707370758057,0.8926020901913573,0.7930151504628798,23.516369679886264,0.8690498674075298,17,CA
fcn3,FourCastNet v3,07,0,0h Lead,2025-01-08 18:00:00,2.788299560546875,3.9063727855682373,-1.1180732250213623,0.8926020901913573,0.7930151504628798,23.516369679886264,0.8690498674075298,17,CA
fcn3,FourCastNet v3,07,0,0h Lead,2025-01-09 00:00:00,2.006072998046875,2.978489875793457,-0.972416877746582,0.8926020901913573,0.7930151504628798,23.516369679886264,0.8690498674075298,17,CA
fcn3,FourCastNet v3,07,0,0h Lead,2025-01-09 06:00:00,2.190582036972046,2.137228488922119,0.05335354804992676,0.8926020901913573,0.7930151504628798,23.516369679886264,0.8690498674075298,17,CA
fcn3,FourCastNet v3,07,0,0h Lead,2025-01-09 12:00:00,2.2143633365631104,2.5005717277526855,-0.2862083911895752,0.8926020901913573,0.7930151504628798,23.516369679886264,0.8690498674075298,17,CA
fcn3,FourCastNet v3,07,0,0h Lead,2025-01-09 18:00:00,2.1406893730163574,3.352151870727539,-1.2114624977111816,0.8926020901913573,0.7930151504628798,23.516369679886264,0.8690498674075298,17,CA
fcn3,FourCastNet v3,07,0,0h Lead,2025-01-10 00:00:00,2.360567092895508,3.5184624195098877,-1.1578953266143799,0.8926020901913573,0.7930151504628798,23.516369679886264,0.8690498674075298,17,CA
fcn3,FourCastNet v3,07,0,0h Lead,2025-01-10 06:00:00,2.187717914581299,3.3108174800872803,-1.1230995655059814,0.8926020901913573,0.7930151504628798,23.516369679886264,0.8690498674075298,17,CA
fcn3,FourCastNet v3,07,0,0h Lead,2025-01-10 12:00:00,2.2750511169433594,2.8077175617218018,-0.5326664447784424,0.8926020901913573,0.7930151504628798,23.516369679886264,0.8690498674075298,17,CA
fcn3,FourCastNet v3,07,0,0h Lead,2025-01-10 18:00:00,1.2166203260421753,2.3510262966156006,-1.1344059705734253,0.8926020901913573,0.7930151504628798,23.516369679886264,0.8690498674075298,17,CA
fcn3,FourCastNet v3,07,0,0h Lead,2025-01-11 00:00:00,1.952549934387207,2.4272005558013916,-0.47465062141418457,0.8926020901913573,0.7930151504628798,23.516369679886264,0.8690498674075298,17,CA
fcn3,FourCastNet v3,06,24,24h Lead,2025-01-07 00:00:00,2.1125869750976562,2.54606294631958,-0.43347597122192383,0.9542600361179386,0.8483095624867607,24.924884017436106,0.8643466289672451,17,CA
fcn3,FourCastNet v3,06,24,24h Lead,2025-01-07 06:00:00,2.259768486022949,2.594547986984253,-0.3347795009613037,0.9542600361179386,0.8483095624867607,24.924884017436106,0.8643466289672451,17,CA
fcn3,FourCastNet v3,06,24,24h Lead,2025-01-07 12:00:00,2.805978536605835,3.5026187896728516,-0.6966402530670166,0.9542600361179386,0.8483095624867607,24.924884017436106,0.8643466289672451,17,CA
fcn3,FourCastNet v3,06,24,24h Lead,2025-01-07 18:00:00,3.6667628288269043,4.4944353103637695,-0.8276724815368652,0.9542600361179386,0.8483095624867607,24.924884017436106,0.8643466289672451,17,CA
fcn3,FourCastNet v3,06,24,24h Lead,2025-01-08 00:00:00,3.3454368114471436,4.685354709625244,-1.3399178981781006,0.9542600361179386,0.8483095624867607,24.924884017436106,0.8643466289672451,17,CA
fcn3,FourCastNet v3,06,24,24h Lead,2025-01-08 06:00:00,3.47269344329834,4.799880504608154,-1.3271870613098145,0.9542600361179386,0.8483095624867607,24.924884017436106,0.8643466289672451,17,CA
fcn3,FourCastNet v3,06,24,24h Lead,2025-01-08 12:00:00,2.9697372913360596,4.359892845153809,-1.390155553817749,0.9542600361179386,0.8483095624867607,24.924884017436106,0.8643466289672451,17,CA
fcn3,FourCastNet v3,06,24,24h Lead,2025-01-08 18:00:00,2.638934850692749,3.9063727855682373,-1.2674379348754883,0.9542600361179386,0.8483095624867607,24.924884017436106,0.8643466289672451,17,CA
fcn3,FourCastNet v3,06,24,24h Lead,2025-01-09 00:00:00,2.3095083236694336,2.978489875793457,-0.6689815521240234,0.9542600361179386,0.8483095624867607,24.924884017436106,0.8643466289672451,17,CA
fcn3,FourCastNet v3,06,24,24h Lead,2025-01-09 06:00:00,1.9776849746704102,2.137228488922119,-0.15954351425170898,0.9542600361179386,0.8483095624867607,24.924884017436106,0.8643466289672451,17,CA
fcn3,FourCastNet v3,06,24,24h Lead,2025-01-09 12:00:00,2.3436901569366455,2.5005717277526855,-0.15688157081604004,0.9542600361179386,0.8483095624867607,24.924884017436106,0.8643466289672451,17,CA
fcn3,FourCastNet v3,06,24,24h Lead,2025-01-09 18:00:00,2.1718833446502686,3.352151870727539,-1.1802685260772705,0.9542600361179386,0.8483095624867607,24.924884017436106,0.8643466289672451,17,CA
fcn3,FourCastNet v3,06,24,24h Lead,2025-01-10 00:00:00,2.4727957248687744,3.5184624195098877,-1.0456666946411133,0.9542600361179386,0.8483095624867607,24.924884017436106,0.8643466289672451,17,CA
fcn3,FourCastNet v3,06,24,24h Lead,2025-01-10 06:00:00,2.256986141204834,3.3108174800872803,-1.0538313388824463,0.9542600361179386,0.8483095624867607,24.924884017436106,0.8643466289672451,17,CA
fcn3,FourCastNet v3,06,24,24h Lead,2025-01-10 12:00:00,1.9898016452789307,2.8077175617218018,-0.8179159164428711,0.9542600361179386,0.8483095624867607,24.924884017436106,0.8643466289672451,17,CA
fcn3,FourCastNet v3,06,24,24h Lead,2025-01-10 18:00:00,0.9117893576622009,2.3510262966156006,-1.4392369389533997,0.9542600361179386,0.8483095624867607,24.924884017436106,0.8643466289672451,17,CA
fcn3,FourCastNet v3,06,24,24h Lead,2025-01-11 00:00:00,2.1455307006835938,2.4272005558013916,-0.28166985511779785,0.9542600361179386,0.8483095624867607,24.924884017436106,0.8643466289672451,17,CA
fcn3,FourCastNet v3,05,48,48h Lead,2025-01-07 00:00:00,2.253915309906006,2.54606294631958,-0.2921476364135742,0.9437450913381965,0.8303428257212919,24.77340087650239,0.849684146215727,17,CA
fcn3,FourCastNet v3,05,48,48h Lead,2025-01-07 06:00:00,2.1174933910369873,2.594547986984253,-0.4770545959472656,0.9437450913381965,0.8303428257212919,24.77340087650239,0.849684146215727,17,CA
fcn3,FourCastNet v3,05,48,48h Lead,2025-01-07 12:00:00,2.4235587120056152,3.5026187896728516,-1.0790600776672363,0.9437450913381965,0.8303428257212919,24.77340087650239,0.849684146215727,17,CA
fcn3,FourCastNet v3,05,48,48h Lead,2025-01-07 18:00:00,3.7522192001342773,4.4944353103637695,-0.7422161102294922,0.9437450913381965,0.8303428257212919,24.77340087650239,0.849684146215727,17,CA
fcn3,FourCastNet v3,05,48,48h Lead,2025-01-08 00:00:00,3.8528811931610107,4.685354709625244,-0.8324735164642334,0.9437450913381965,0.8303428257212919,24.77340087650239,0.849684146215727,17,CA
fcn3,FourCastNet v3,05,48,48h Lead,2025-01-08 06:00:00,3.7898802757263184,4.799880504608154,-1.010000228881836,0.9437450913381965,0.8303428257212919,24.77340087650239,0.849684146215727,17,CA
fcn3,FourCastNet v3,05,48,48h Lead,2025-01-08 12:00:00,3.2560527324676514,4.359892845153809,-1.1038401126861572,0.9437450913381965,0.8303428257212919,24.77340087650239,0.849684146215727,17,CA
fcn3,FourCastNet v3,05,48,48h Lead,2025-01-08 18:00:00,2.643010139465332,3.9063727855682373,-1.2633626461029053,0.9437450913381965,0.8303428257212919,24.77340087650239,0.849684146215727,17,CA
fcn3,FourCastNet v3,05,48,48h Lead,2025-01-09 00:00:00,2.434563398361206,2.978489875793457,-0.543926477432251,0.9437450913381965,0.8303428257212919,24.77340087650239,0.849684146215727,17,CA
fcn3,FourCastNet v3,05,48,48h Lead,2025-01-09 06:00:00,2.011718273162842,2.137228488922119,-0.12551021575927734,0.9437450913381965,0.8303428257212919,24.77340087650239,0.849684146215727,17,CA
fcn3,FourCastNet v3,05,48,48h Lead,2025-01-09 12:00:00,1.9217848777770996,2.5005717277526855,-0.5787868499755859,0.9437450913381965,0.8303428257212919,24.77340087650239,0.849684146215727,17,CA
fcn3,FourCastNet v3,05,48,48h Lead,2025-01-09 18:00:00,1.404523253440857,3.352151870727539,-1.9476286172866821,0.9437450913381965,0.8303428257212919,24.77340087650239,0.849684146215727,17,CA
fcn3,FourCastNet v3,05,48,48h Lead,2025-01-10 00:00:00,2.2333266735076904,3.5184624195098877,-1.2851357460021973,0.9437450913381965,0.8303428257212919,24.77340087650239,0.849684146215727,17,CA
fcn3,FourCastNet v3,05,48,48h Lead,2025-01-10 06:00:00,2.426008701324463,3.3108174800872803,-0.8848087787628174,0.9437450913381965,0.8303428257212919,24.77340087650239,0.849684146215727,17,CA
fcn3,FourCastNet v3,05,48,48h Lead,2025-01-10 12:00:00,2.4492979049682617,2.8077175617218018,-0.35841965675354004,0.9437450913381965,0.8303428257212919,24.77340087650239,0.849684146215727,17,CA
fcn3,FourCastNet v3,05,48,48h Lead,2025-01-10 18:00:00,1.952872633934021,2.3510262966156006,-0.3981536626815796,0.9437450913381965,0.8303428257212919,24.77340087650239,0.849684146215727,17,CA
fcn3,FourCastNet v3,05,48,48h Lead,2025-01-11 00:00:00,1.2338974475860596,2.4272005558013916,-1.193303108215332,0.9437450913381965,0.8303428257212919,24.77340087650239,0.849684146215727,17,CA
fcn3,FourCastNet v3,03,96,96h Lead,2025-01-07 00:00:00,2.2808728218078613,2.54606294631958,-0.26519012451171875,0.8272672874081363,0.6694603527293486,19.59878403864752,0.7950261059969821,17,CA
fcn3,FourCastNet v3,03,96,96h Lead,2025-01-07 06:00:00,1.984745979309082,2.594547986984253,-0.6098020076751709,0.8272672874081363,0.6694603527293486,19.59878403864752,0.7950261059969821,17,CA
fcn3,FourCastNet v3,03,96,96h Lead,2025-01-07 12:00:00,2.4005939960479736,3.5026187896728516,-1.102024793624878,0.8272672874081363,0.6694603527293486,19.59878403864752,0.7950261059969821,17,CA
fcn3,FourCastNet v3,03,96,96h Lead,2025-01-07 18:00:00,2.8629634380340576,4.4944353103637695,-1.631471872329712,0.8272672874081363,0.6694603527293486,19.59878403864752,0.7950261059969821,17,CA
fcn3,FourCastNet v3,03,96,96h Lead,2025-01-08 00:00:00,4.213354110717773,4.685354709625244,-0.4720005989074707,0.8272672874081363,0.6694603527293486,19.59878403864752,0.7950261059969821,17,CA
fcn3,FourCastNet v3,03,96,96h Lead,2025-01-08 06:00:00,3.9927361011505127,4.799880504608154,-0.8071444034576416,0.8272672874081363,0.6694603527293486,19.59878403864752,0.7950261059969821,17,CA
fcn3,FourCastNet v3,03,96,96h Lead,2025-01-08 12:00:00,3.7872259616851807,4.359892845153809,-0.5726668834686279,0.8272672874081363,0.6694603527293486,19.59878403864752,0.7950261059969821,17,CA
fcn3,FourCastNet v3,03,96,96h Lead,2025-01-08 18:00:00,3.798860788345337,3.9063727855682373,-0.10751199722290039,0.8272672874081363,0.6694603527293486,19.59878403864752,0.7950261059969821,17,CA
fcn3,FourCastNet v3,03,96,96h Lead,2025-01-09 00:00:00,2.7590274810791016,2.978489875793457,-0.21946239471435547,0.8272672874081363,0.6694603527293486,19.59878403864752,0.7950261059969821,17,CA
fcn3,FourCastNet v3,03,96,96h Lead,2025-01-09 06:00:00,2.3636834621429443,2.137228488922119,0.2264549732208252,0.8272672874081363,0.6694603527293486,19.59878403864752,0.7950261059969821,17,CA
fcn3,FourCastNet v3,03,96,96h Lead,2025-01-09 12:00:00,2.3818857669830322,2.5005717277526855,-0.11868596076965332,0.8272672874081363,0.6694603527293486,19.59878403864752,0.7950261059969821,17,CA
fcn3,FourCastNet v3,03,96,96h Lead,2025-01-09 18:00:00,2.1360063552856445,3.352151870727539,-1.2161455154418945,0.8272672874081363,0.6694603527293486,19.59878403864752,0.7950261059969821,17,CA
fcn3,FourCastNet v3,03,96,96h Lead,2025-01-10 00:00:00,1.9391255378723145,3.5184624195098877,-1.5793368816375732,0.8272672874081363,0.6694603527293486,19.59878403864752,0.7950261059969821,17,CA
fcn3,FourCastNet v3,03,96,96h Lead,2025-01-10 06:00:00,2.1263771057128906,3.3108174800872803,-1.1844403743743896,0.8272672874081363,0.6694603527293486,19.59878403864752,0.7950261059969821,17,CA
fcn3,FourCastNet v3,03,96,96h Lead,2025-01-10 12:00:00,2.1780622005462646,2.8077175617218018,-0.6296553611755371,0.8272672874081363,0.6694603527293486,19.59878403864752,0.7950261059969821,17,CA
fcn3,FourCastNet v3,03,96,96h Lead,2025-01-10 18:00:00,2.108839750289917,2.3510262966156006,-0.2421865463256836,0.8272672874081363,0.6694603527293486,19.59878403864752,0.7950261059969821,17,CA
fcn3,FourCastNet v3,03,96,96h Lead,2025-01-11 00:00:00,2.030555248260498,2.4272005558013916,-0.39664530754089355,0.8272672874081363,0.6694603527293486,19.59878403864752,0.7950261059969821,17,CA
fcn3,FourCastNet v3,01,144,144h Lead,2025-01-07 00:00:00,2.1078102588653564,2.54606294631958,-0.43825268745422363,1.187211443368947,0.9691598555620979,26.14294096696108,0.6146305639721682,17,CA
fcn3,FourCastNet v3,01,144,144h Lead,2025-01-07 06:00:00,2.1016855239868164,2.594547986984253,-0.4928624629974365,1.187211443368947,0.9691598555620979,26.14294096696108,0.6146305639721682,17,CA
fcn3,FourCastNet v3,01,144,144h Lead,2025-01-07 12:00:00,2.5355193614959717,3.5026187896728516,-0.9670994281768799,1.187211443368947,0.9691598555620979,26.14294096696108,0.6146305639721682,17,CA
fcn3,FourCastNet v3,01,144,144h Lead,2025-01-07 18:00:00,2.98382306098938,4.4944353103637695,-1.5106122493743896,1.187211443368947,0.9691598555620979,26.14294096696108,0.6146305639721682,17,CA
fcn3,FourCastNet v3,01,144,144h Lead,2025-01-08 00:00:00,2.863682508468628,4.685354709625244,-1.8216722011566162,1.187211443368947,0.9691598555620979,26.14294096696108,0.6146305639721682,17,CA
fcn3,FourCastNet v3,01,144,144h Lead,2025-01-08 06:00:00,2.589259624481201,4.799880504608154,-2.210620880126953,1.187211443368947,0.9691598555620979,26.14294096696108,0.6146305639721682,17,CA
fcn3,FourCastNet v3,01,144,144h Lead,2025-01-08 12:00:00,2.273292064666748,4.359892845153809,-2.0866007804870605,1.187211443368947,0.9691598555620979,26.14294096696108,0.6146305639721682,17,CA
fcn3,FourCastNet v3,01,144,144h Lead,2025-01-08 18:00:00,2.0708932876586914,3.9063727855682373,-1.835479497909546,1.187211443368947,0.9691598555620979,26.14294096696108,0.6146305639721682,17,CA
fcn3,FourCastNet v3,01,144,144h Lead,2025-01-09 00:00:00,2.00862717628479,2.978489875793457,-0.969862699508667,1.187211443368947,0.9691598555620979,26.14294096696108,0.6146305639721682,17,CA
fcn3,FourCastNet v3,01,144,144h Lead,2025-01-09 06:00:00,2.261265993118286,2.137228488922119,0.12403750419616699,1.187211443368947,0.9691598555620979,26.14294096696108,0.6146305639721682,17,CA
fcn3,FourCastNet v3,01,144,144h Lead,2025-01-09 12:00:00,2.520447254180908,2.5005717277526855,0.019875526428222656,1.187211443368947,0.9691598555620979,26.14294096696108,0.6146305639721682,17,CA
fcn3,FourCastNet v3,01,144,144h Lead,2025-01-09 18:00:00,2.2386856079101562,3.352151870727539,-1.1134662628173828,1.187211443368947,0.9691598555620979,26.14294096696108,0.6146305639721682,17,CA
fcn3,FourCastNet v3,01,144,144h Lead,2025-01-10 00:00:00,2.3485357761383057,3.5184624195098877,-1.169926643371582,1.187211443368947,0.9691598555620979,26.14294096696108,0.6146305639721682,17,CA
fcn3,FourCastNet v3,01,144,144h Lead,2025-01-10 06:00:00,2.702052354812622,3.3108174800872803,-0.6087651252746582,1.187211443368947,0.9691598555620979,26.14294096696108,0.6146305639721682,17,CA
fcn3,FourCastNet v3,01,144,144h Lead,2025-01-10 12:00:00,2.327943801879883,2.8077175617218018,-0.47977375984191895,1.187211443368947,0.9691598555620979,26.14294096696108,0.6146305639721682,17,CA
fcn3,FourCastNet v3,01,144,144h Lead,2025-01-10 18:00:00,2.1335458755493164,2.3510262966156006,-0.21748042106628418,1.187211443368947,0.9691598555620979,26.14294096696108,0.6146305639721682,17,CA
fcn3,FourCastNet v3,01,144,144h Lead,2025-01-11 00:00:00,2.017871141433716,2.4272005558013916,-0.4093294143676758,1.187211443368947,0.9691598555620979,26.14294096696108,0.6146305639721682,17,CA
graphcast,GraphCast,07,0,0h Lead,2025-01-07 00:00:00,2.0560827255249023,2.54606294631958,-0.48998022079467773,0.9442987824046206,0.8069706489058102,25.47307572157499,0.8426832621334865,17,CA
graphcast,GraphCast,07,0,0h Lead,2025-01-07 06:00:00,2.2951693534851074,2.594547986984253,-0.2993786334991455,0.9442987824046206,0.8069706489058102,25.47307572157499,0.8426832621334865,17,CA
graphcast,GraphCast,07,0,0h Lead,2025-01-07 12:00:00,2.899172306060791,3.5026187896728516,-0.6034464836120605,0.9442987824046206,0.8069706489058102,25.47307572157499,0.8426832621334865,17,CA
graphcast,GraphCast,07,0,0h Lead,2025-01-07 18:00:00,3.9396188259124756,4.4944353103637695,-0.554816484451294,0.9442987824046206,0.8069706489058102,25.47307572157499,0.8426832621334865,17,CA
graphcast,GraphCast,07,0,0h Lead,2025-01-08 00:00:00,3.9418888092041016,4.685354709625244,-0.7434659004211426,0.9442987824046206,0.8069706489058102,25.47307572157499,0.8426832621334865,17,CA
graphcast,GraphCast,07,0,0h Lead,2025-01-08 06:00:00,4.093348026275635,4.799880504608154,-0.7065324783325195,0.9442987824046206,0.8069706489058102,25.47307572157499,0.8426832621334865,17,CA
graphcast,GraphCast,07,0,0h Lead,2025-01-08 12:00:00,3.86379337310791,4.359892845153809,-0.49609947204589844,0.9442987824046206,0.8069706489058102,25.47307572157499,0.8426832621334865,17,CA
graphcast,GraphCast,07,0,0h Lead,2025-01-08 18:00:00,3.261141777038574,3.9063727855682373,-0.6452310085296631,0.9442987824046206,0.8069706489058102,25.47307572157499,0.8426832621334865,17,CA
graphcast,GraphCast,07,0,0h Lead,2025-01-09 00:00:00,2.4578006267547607,2.978489875793457,-0.5206892490386963,0.9442987824046206,0.8069706489058102,25.47307572157499,0.8426832621334865,17,CA
graphcast,GraphCast,07,0,0h Lead,2025-01-09 06:00:00,2.275073528289795,2.137228488922119,0.13784503936767578,0.9442987824046206,0.8069706489058102,25.47307572157499,0.8426832621334865,17,CA
graphcast,GraphCast,07,0,0h Lead,2025-01-09 12:00:00,2.1744191646575928,2.5005717277526855,-0.3261525630950928,0.9442987824046206,0.8069706489058102,25.47307572157499,0.8426832621334865,17,CA
graphcast,GraphCast,07,0,0h Lead,2025-01-09 18:00:00,1.653254508972168,3.352151870727539,-1.698897361755371,0.9442987824046206,0.8069706489058102,25.47307572157499,0.8426832621334865,17,CA
graphcast,GraphCast,07,0,0h Lead,2025-01-10 00:00:00,1.6634985208511353,3.5184624195098877,-1.8549638986587524,0.9442987824046206,0.8069706489058102,25.47307572157499,0.8426832621334865,17,CA
graphcast,GraphCast,07,0,0h Lead,2025-01-10 06:00:00,2.0300285816192627,3.3108174800872803,-1.2807888984680176,0.9442987824046206,0.8069706489058102,25.47307572157499,0.8426832621334865,17,CA
graphcast,GraphCast,07,0,0h Lead,2025-01-10 12:00:00,1.841360092163086,2.8077175617218018,-0.9663574695587158,0.9442987824046206,0.8069706489058102,25.47307572157499,0.8426832621334865,17,CA
graphcast,GraphCast,07,0,0h Lead,2025-01-10 18:00:00,0.7801455855369568,2.3510262966156006,-1.5708807110786438,0.9442987824046206,0.8069706489058102,25.47307572157499,0.8426832621334865,17,CA
graphcast,GraphCast,07,0,0h Lead,2025-01-11 00:00:00,1.6042253971099854,2.4272005558013916,-0.8229751586914062,0.9442987824046206,0.8069706489058102,25.47307572157499,0.8426832621334865,17,CA
graphcast,GraphCast,06,24,24h Lead,2025-01-07 00:00:00,2.06490159034729,2.54606294631958,-0.48116135597229004,1.0760031380608797,0.9357063209309298,28.601010097012647,0.8124547217869644,17,CA
graphcast,GraphCast,06,24,24h Lead,2025-01-07 06:00:00,2.2886481285095215,2.594547986984253,-0.30589985847473145,1.0760031380608797,0.9357063209309298,28.601010097012647,0.8124547217869644,17,CA
graphcast,GraphCast,06,24,24h Lead,2025-01-07 12:00:00,2.8926267623901367,3.5026187896728516,-0.6099920272827148,1.0760031380608797,0.9357063209309298,28.601010097012647,0.8124547217869644,17,CA
graphcast,GraphCast,06,24,24h Lead,2025-01-07 18:00:00,3.815124750137329,4.4944353103637695,-0.6793105602264404,1.0760031380608797,0.9357063209309298,28.601010097012647,0.8124547217869644,17,CA
graphcast,GraphCast,06,24,24h Lead,2025-01-08 00:00:00,3.896231174468994,4.685354709625244,-0.78912353515625,1.0760031380608797,0.9357063209309298,28.601010097012647,0.8124547217869644,17,CA
graphcast,GraphCast,06,24,24h Lead,2025-01-08 06:00:00,3.8264315128326416,4.799880504608154,-0.9734489917755127,1.0760031380608797,0.9357063209309298,28.601010097012647,0.8124547217869644,17,CA
graphcast,GraphCast,06,24,24h Lead,2025-01-08 12:00:00,3.499955415725708,4.359892845153809,-0.8599374294281006,1.0760031380608797,0.9357063209309298,28.601010097012647,0.8124547217869644,17,CA
graphcast,GraphCast,06,24,24h Lead,2025-01-08 18:00:00,2.7177929878234863,3.9063727855682373,-1.188579797744751,1.0760031380608797,0.9357063209309298,28.601010097012647,0.8124547217869644,17,CA
graphcast,GraphCast,06,24,24h Lead,2025-01-09 00:00:00,2.003538131713867,2.978489875793457,-0.9749517440795898,1.0760031380608797,0.9357063209309298,28.601010097012647,0.8124547217869644,17,CA
graphcast,GraphCast,06,24,24h Lead,2025-01-09 06:00:00,1.9618639945983887,2.137228488922119,-0.17536449432373047,1.0760031380608797,0.9357063209309298,28.601010097012647,0.8124547217869644,17,CA
graphcast,GraphCast,06,24,24h Lead,2025-01-09 12:00:00,1.9866876602172852,2.5005717277526855,-0.5138840675354004,1.0760031380608797,0.9357063209309298,28.601010097012647,0.8124547217869644,17,CA
graphcast,GraphCast,06,24,24h Lead,2025-01-09 18:00:00,1.5704472064971924,3.352151870727539,-1.7817046642303467,1.0760031380608797,0.9357063209309298,28.601010097012647,0.8124547217869644,17,CA
graphcast,GraphCast,06,24,24h Lead,2025-01-10 00:00:00,1.4110336303710938,3.5184624195098877,-2.107428789138794,1.0760031380608797,0.9357063209309298,28.601010097012647,0.8124547217869644,17,CA
graphcast,GraphCast,06,24,24h Lead,2025-01-10 06:00:00,1.737613320350647,3.3108174800872803,-1.5732041597366333,1.0760031380608797,0.9357063209309298,28.601010097012647,0.8124547217869644,17,CA
graphcast,GraphCast,06,24,24h Lead,2025-01-10 12:00:00,1.5083577632904053,2.8077175617218018,-1.2993597984313965,1.0760031380608797,0.9357063209309298,28.601010097012647,0.8124547217869644,17,CA
graphcast,GraphCast,06,24,24h Lead,2025-01-10 18:00:00,1.050777792930603,2.3510262966156006,-1.3002485036849976,1.0760031380608797,0.9357063209309298,28.601010097012647,0.8124547217869644,17,CA
graphcast,GraphCast,06,24,24h Lead,2025-01-11 00:00:00,2.1337928771972656,2.4272005558013916,-0.293407678604126,1.0760031380608797,0.9357063209309298,28.601010097012647,0.8124547217869644,17,CA
graphcast,GraphCast,05,48,48h Lead,2025-01-07 00:00:00,1.98279869556427,2.54606294631958,-0.5632642507553101,1.0179064674032203,0.8916680953081917,27.65913588372276,0.8234755495037449,17,CA
graphcast,GraphCast,05,48,48h Lead,2025-01-07 06:00:00,2.2017171382904053,2.594547986984253,-0.39283084869384766,1.0179064674032203,0.8916680953081917,27.65913588372276,0.8234755495037449,17,CA
graphcast,GraphCast,05,48,48h Lead,2025-01-07 12:00:00,2.603907823562622,3.5026187896728516,-0.8987109661102295,1.0179064674032203,0.8916680953081917,27.65913588372276,0.8234755495037449,17,CA
graphcast,GraphCast,05,48,48h Lead,2025-01-07 18:00:00,3.6419787406921387,4.4944353103637695,-0.8524565696716309,1.0179064674032203,0.8916680953081917,27.65913588372276,0.8234755495037449,17,CA
graphcast,GraphCast,05,48,48h Lead,2025-01-08 00:00:00,3.803453207015991,4.685354709625244,-0.8819015026092529,1.0179064674032203,0.8916680953081917,27.65913588372276,0.8234755495037449,17,CA
graphcast,GraphCast,05,48,48h Lead,2025-01-08 06:00:00,3.783905506134033,4.799880504608154,-1.015974998474121,1.0179064674032203,0.8916680953081917,27.65913588372276,0.8234755495037449,17,CA
graphcast,GraphCast,05,48,48h Lead,2025-01-08 12:00:00,3.6923396587371826,4.359892845153809,-0.667553186416626,1.0179064674032203,0.8916680953081917,27.65913588372276,0.8234755495037449,17,CA
graphcast,GraphCast,05,48,48h Lead,2025-01-08 18:00:00,3.4688727855682373,3.9063727855682373,-0.4375,1.0179064674032203,0.8916680953081917,27.65913588372276,0.8234755495037449,17,CA
graphcast,GraphCast,05,48,48h Lead,2025-01-09 00:00:00,2.4327054023742676,2.978489875793457,-0.5457844734191895,1.0179064674032203,0.8916680953081917,27.65913588372276,0.8234755495037449,17,CA
graphcast,GraphCast,05,48,48h Lead,2025-01-09 06:00:00,2.2710046768188477,2.137228488922119,0.13377618789672852,1.0179064674032203,0.8916680953081917,27.65913588372276,0.8234755495037449,17,CA
graphcast,GraphCast,05,48,48h Lead,2025-01-09 12:00:00,2.1258630752563477,2.5005717277526855,-0.3747086524963379,1.0179064674032203,0.8916680953081917,27.65913588372276,0.8234755495037449,17,CA
graphcast,GraphCast,05,48,48h Lead,2025-01-09 18:00:00,1.5568946599960327,3.352151870727539,-1.7952572107315063,1.0179064674032203,0.8916680953081917,27.65913588372276,0.8234755495037449,17,CA
graphcast,GraphCast,05,48,48h Lead,2025-01-10 00:00:00,1.6005778312683105,3.5184624195098877,-1.9178845882415771,1.0179064674032203,0.8916680953081917,27.65913588372276,0.8234755495037449,17,CA
graphcast,GraphCast,05,48,48h Lead,2025-01-10 06:00:00,1.9316998720169067,3.3108174800872803,-1.3791176080703735,1.0179064674032203,0.8916680953081917,27.65913588372276,0.8234755495037449,17,CA
graphcast,GraphCast,05,48,48h Lead,2025-01-10 12:00:00,1.8202412128448486,2.8077175617218018,-0.9874763488769531,1.0179064674032203,0.8916680953081917,27.65913588372276,0.8234755495037449,17,CA
graphcast,GraphCast,05,48,48h Lead,2025-01-10 18:00:00,0.840973973274231,2.3510262966156006,-1.5100523233413696,1.0179064674032203,0.8916680953081917,27.65913588372276,0.8234755495037449,17,CA
graphcast,GraphCast,05,48,48h Lead,2025-01-11 00:00:00,1.6230926513671875,2.4272005558013916,-0.8041079044342041,1.0179064674032203,0.8916680953081917,27.65913588372276,0.8234755495037449,17,CA
graphcast,GraphCast,03,96,96h Lead,2025-01-07 00:00:00,1.3668631315231323,2.54606294631958,-1.1791998147964478,1.185388451579761,1.0899437315323774,32.71351462918063,0.8228904023886775,17,CA
graphcast,GraphCast,03,96,96h Lead,2025-01-07 06:00:00,2.0477335453033447,2.594547986984253,-0.5468144416809082,1.185388451579761,1.0899437315323774,32.71351462918063,0.8228904023886775,17,CA
graphcast,GraphCast,03,96,96h Lead,2025-01-07 12:00:00,2.199206590652466,3.5026187896728516,-1.3034121990203857,1.185388451579761,1.0899437315323774,32.71351462918063,0.8228904023886775,17,CA
graphcast,GraphCast,03,96,96h Lead,2025-01-07 18:00:00,2.636352777481079,4.4944353103637695,-1.8580825328826904,1.185388451579761,1.0899437315323774,32.71351462918063,0.8228904023886775,17,CA
graphcast,GraphCast,03,96,96h Lead,2025-01-08 00:00:00,3.217803478240967,4.685354709625244,-1.4675512313842773,1.185388451579761,1.0899437315323774,32.71351462918063,0.8228904023886775,17,CA
graphcast,GraphCast,03,96,96h Lead,2025-01-08 06:00:00,3.618894577026367,4.799880504608154,-1.180985927581787,1.185388451579761,1.0899437315323774,32.71351462918063,0.8228904023886775,17,CA
graphcast,GraphCast,03,96,96h Lead,2025-01-08 12:00:00,3.394962787628174,4.359892845153809,-0.9649300575256348,1.185388451579761,1.0899437315323774,32.71351462918063,0.8228904023886775,17,CA
graphcast,GraphCast,03,96,96h Lead,2025-01-08 18:00:00,2.839851140975952,3.9063727855682373,-1.0665216445922852,1.185388451579761,1.0899437315323774,32.71351462918063,0.8228904023886775,17,CA
graphcast,GraphCast,03,96,96h Lead,2025-01-09 00:00:00,2.0585694313049316,2.978489875793457,-0.9199204444885254,1.185388451579761,1.0899437315323774,32.71351462918063,0.8228904023886775,17,CA
graphcast,GraphCast,03,96,96h Lead,2025-01-09 06:00:00,2.1974189281463623,2.137228488922119,0.060190439224243164,1.185388451579761,1.0899437315323774,32.71351462918063,0.8228904023886775,17,CA
graphcast,GraphCast,03,96,96h Lead,2025-01-09 12:00:00,2.150989294052124,2.5005717277526855,-0.3495824337005615,1.185388451579761,1.0899437315323774,32.71351462918063,0.8228904023886775,17,CA
graphcast,GraphCast,03,96,96h Lead,2025-01-09 18:00:00,1.658684253692627,3.352151870727539,-1.693467617034912,1.185388451579761,1.0899437315323774,32.71351462918063,0.8228904023886775,17,CA
graphcast,GraphCast,03,96,96h Lead,2025-01-10 00:00:00,1.7562386989593506,3.5184624195098877,-1.762223720550537,1.185388451579761,1.0899437315323774,32.71351462918063,0.8228904023886775,17,CA
graphcast,GraphCast,03,96,96h Lead,2025-01-10 06:00:00,2.14027738571167,3.3108174800872803,-1.1705400943756104,1.185388451579761,1.0899437315323774,32.71351462918063,0.8228904023886775,17,CA
graphcast,GraphCast,03,96,96h Lead,2025-01-10 12:00:00,2.0427305698394775,2.8077175617218018,-0.7649869918823242,1.185388451579761,1.0899437315323774,32.71351462918063,0.8228904023886775,17,CA
graphcast,GraphCast,03,96,96h Lead,2025-01-10 18:00:00,1.1340798139572144,2.3510262966156006,-1.2169464826583862,1.185388451579761,1.0899437315323774,32.71351462918063,0.8228904023886775,17,CA
graphcast,GraphCast,03,96,96h Lead,2025-01-11 00:00:00,1.4035131931304932,2.4272005558013916,-1.0236873626708984,1.185388451579761,1.0899437315323774,32.71351462918063,0.8228904023886775,17,CA
graphcast,GraphCast,01,144,144h Lead,2025-01-07 00:00:00,1.9006013870239258,2.54606294631958,-0.6454615592956543,1.6569277032905136,1.3748039077310001,38.20446251167852,0.12956040534954535,17,CA
graphcast,GraphCast,01,144,144h Lead,2025-01-07 06:00:00,2.6454997062683105,2.594547986984253,0.05095171928405762,1.6569277032905136,1.3748039077310001,38.20446251167852,0.12956040534954535,17,CA
graphcast,GraphCast,01,144,144h Lead,2025-01-07 12:00:00,2.863722324371338,3.5026187896728516,-0.6388964653015137,1.6569277032905136,1.3748039077310001,38.20446251167852,0.12956040534954535,17,CA
graphcast,GraphCast,01,144,144h Lead,2025-01-07 18:00:00,2.7423934936523438,4.4944353103637695,-1.7520418167114258,1.6569277032905136,1.3748039077310001,38.20446251167852,0.12956040534954535,17,CA
graphcast,GraphCast,01,144,144h Lead,2025-01-08 00:00:00,2.1188883781433105,4.685354709625244,-2.5664663314819336,1.6569277032905136,1.3748039077310001,38.20446251167852,0.12956040534954535,17,CA
graphcast,GraphCast,01,144,144h Lead,2025-01-08 06:00:00,2.104588270187378,4.799880504608154,-2.6952922344207764,1.6569277032905136,1.3748039077310001,38.20446251167852,0.12956040534954535,17,CA
graphcast,GraphCast,01,144,144h Lead,2025-01-08 12:00:00,1.76923668384552,4.359892845153809,-2.5906561613082886,1.6569277032905136,1.3748039077310001,38.20446251167852,0.12956040534954535,17,CA
graphcast,GraphCast,01,144,144h Lead,2025-01-08 18:00:00,0.7471336126327515,3.9063727855682373,-3.159239172935486,1.6569277032905136,1.3748039077310001,38.20446251167852,0.12956040534954535,17,CA
graphcast,GraphCast,01,144,144h Lead,2025-01-09 00:00:00,1.7242984771728516,2.978489875793457,-1.2541913986206055,1.6569277032905136,1.3748039077310001,38.20446251167852,0.12956040534954535,17,CA
graphcast,GraphCast,01,144,144h Lead,2025-01-09 06:00:00,1.7827290296554565,2.137228488922119,-0.3544994592666626,1.6569277032905136,1.3748039077310001,38.20446251167852,0.12956040534954535,17,CA
graphcast,GraphCast,01,144,144h Lead,2025-01-09 12:00:00,1.8758801221847534,2.5005717277526855,-0.6246916055679321,1.6569277032905136,1.3748039077310001,38.20446251167852,0.12956040534954535,17,CA
graphcast,GraphCast,01,144,144h Lead,2025-01-09 18:00:00,1.4659550189971924,3.352151870727539,-1.8861968517303467,1.6569277032905136,1.3748039077310001,38.20446251167852,0.12956040534954535,17,CA
graphcast,GraphCast,01,144,144h Lead,2025-01-10 00:00:00,1.6529661417007446,3.5184624195098877,-1.865496277809143,1.6569277032905136,1.3748039077310001,38.20446251167852,0.12956040534954535,17,CA
graphcast,GraphCast,01,144,144h Lead,2025-01-10 06:00:00,2.1614115238189697,3.3108174800872803,-1.1494059562683105,1.6569277032905136,1.3748039077310001,38.20446251167852,0.12956040534954535,17,CA
graphcast,GraphCast,01,144,144h Lead,2025-01-10 12:00:00,2.3150172233581543,2.8077175617218018,-0.49270033836364746,1.6569277032905136,1.3748039077310001,38.20446251167852,0.12956040534954535,17,CA
graphcast,GraphCast,01,144,144h Lead,2025-01-10 18:00:00,1.8339451551437378,2.3510262966156006,-0.5170811414718628,1.6569277032905136,1.3748039077310001,38.20446251167852,0.12956040534954535,17,CA
graphcast,GraphCast,01,144,144h Lead,2025-01-11 00:00:00,1.2988026142120361,2.4272005558013916,-1.1283979415893555,1.6569277032905136,1.3748039077310001,38.20446251167852,0.12956040534954535,17,CA
ifs,IFS,07,0,0h Lead,2025-01-07 00:00:00,2.208004951477051,2.54606294631958,-0.3380579948425293,0.6111828757921054,0.48593682401320515,16.553227084960817,0.9458397630099699,17,CA
ifs,IFS,07,0,0h Lead,2025-01-07 06:00:00,2.424783945083618,2.594547986984253,-0.16976404190063477,0.6111828757921054,0.48593682401320515,16.553227084960817,0.9458397630099699,17,CA
ifs,IFS,07,0,0h Lead,2025-01-07 12:00:00,3.4002420902252197,3.5026187896728516,-0.10237669944763184,0.6111828757921054,0.48593682401320515,16.553227084960817,0.9458397630099699,17,CA
ifs,IFS,07,0,0h Lead,2025-01-07 18:00:00,4.622204780578613,4.4944353103637695,0.12776947021484375,0.6111828757921054,0.48593682401320515,16.553227084960817,0.9458397630099699,17,CA
ifs,IFS,07,0,0h Lead,2025-01-08 00:00:00,4.4915032386779785,4.685354709625244,-0.19385147094726562,0.6111828757921054,0.48593682401320515,16.553227084960817,0.9458397630099699,17,CA
ifs,IFS,07,0,0h Lead,2025-01-08 06:00:00,4.712332248687744,4.799880504608154,-0.08754825592041016,0.6111828757921054,0.48593682401320515,16.553227084960817,0.9458397630099699,17,CA
ifs,IFS,07,0,0h Lead,2025-01-08 12:00:00,4.329325199127197,4.359892845153809,-0.030567646026611328,0.6111828757921054,0.48593682401320515,16.553227084960817,0.9458397630099699,17,CA
ifs,IFS,07,0,0h Lead,2025-01-08 18:00:00,3.614532947540283,3.9063727855682373,-0.2918398380279541,0.6111828757921054,0.48593682401320515,16.553227084960817,0.9458397630099699,17,CA
ifs,IFS,07,0,0h Lead,2025-01-09 00:00:00,2.5350263118743896,2.978489875793457,-0.4434635639190674,0.6111828757921054,0.48593682401320515,16.553227084960817,0.9458397630099699,17,CA
ifs,IFS,07,0,0h Lead,2025-01-09 06:00:00,1.8717869520187378,2.137228488922119,-0.26544153690338135,0.6111828757921054,0.48593682401320515,16.553227084960817,0.9458397630099699,17,CA
ifs,IFS,07,0,0h Lead,2025-01-09 12:00:00,1.8631707429885864,2.5005717277526855,-0.6374009847640991,0.6111828757921054,0.48593682401320515,16.553227084960817,0.9458397630099699,17,CA
ifs,IFS,07,0,0h Lead,2025-01-09 18:00:00,2.2036359310150146,3.352151870727539,-1.1485159397125244,0.6111828757921054,0.48593682401320515,16.553227084960817,0.9458397630099699,17,CA
ifs,IFS,07,0,0h Lead,2025-01-10 00:00:00,2.4414830207824707,3.5184624195098877,-1.076979398727417,0.6111828757921054,0.48593682401320515,16.553227084960817,0.9458397630099699,17,CA
ifs,IFS,07,0,0h Lead,2025-01-10 06:00:00,2.3013689517974854,3.3108174800872803,-1.009448528289795,0.6111828757921054,0.48593682401320515,16.553227084960817,0.9458397630099699,17,CA
ifs,IFS,07,0,0h Lead,2025-01-10 12:00:00,2.0763449668884277,2.8077175617218018,-0.731372594833374,0.6111828757921054,0.48593682401320515,16.553227084960817,0.9458397630099699,17,CA
ifs,IFS,07,0,0h Lead,2025-01-10 18:00:00,1.386101245880127,2.3510262966156006,-0.9649250507354736,0.6111828757921054,0.48593682401320515,16.553227084960817,0.9458397630099699,17,CA
ifs,IFS,07,0,0h Lead,2025-01-11 00:00:00,1.785597562789917,2.4272005558013916,-0.6416029930114746,0.6111828757921054,0.48593682401320515,16.553227084960817,0.9458397630099699,17,CA
ifs,IFS,06,24,24h Lead,2025-01-07 00:00:00,2.2159512042999268,2.54606294631958,-0.3301117420196533,0.5745058530007455,0.5142144385506126,16.771680107341684,0.9504594465449414,17,CA
ifs,IFS,06,24,24h Lead,2025-01-07 06:00:00,2.2983999252319336,2.594547986984253,-0.29614806175231934,0.5745058530007455,0.5142144385506126,16.771680107341684,0.9504594465449414,17,CA
ifs,IFS,06,24,24h Lead,2025-01-07 12:00:00,3.3217785358428955,3.5026187896728516,-0.18084025382995605,0.5745058530007455,0.5142144385506126,16.771680107341684,0.9504594465449414,17,CA
ifs,IFS,06,24,24h Lead,2025-01-07 18:00:00,4.182526588439941,4.4944353103637695,-0.3119087219238281,0.5745058530007455,0.5142144385506126,16.771680107341684,0.9504594465449414,17,CA
ifs,IFS,06,24,24h Lead,2025-01-08 00:00:00,4.366605281829834,4.685354709625244,-0.31874942779541016,0.5745058530007455,0.5142144385506126,16.771680107341684,0.9504594465449414,17,CA
ifs,IFS,06,24,24h Lead,2025-01-08 06:00:00,4.297754287719727,4.799880504608154,-0.5021262168884277,0.5745058530007455,0.5142144385506126,16.771680107341684,0.9504594465449414,17,CA
ifs,IFS,06,24,24h Lead,2025-01-08 12:00:00,3.8034768104553223,4.359892845153809,-0.5564160346984863,0.5745058530007455,0.5142144385506126,16.771680107341684,0.9504594465449414,17,CA
ifs,IFS,06,24,24h Lead,2025-01-08 18:00:00,3.253333806991577,3.9063727855682373,-0.6530389785766602,0.5745058530007455,0.5142144385506126,16.771680107341684,0.9504594465449414,17,CA
ifs,IFS,06,24,24h Lead,2025-01-09 00:00:00,2.323914051055908,2.978489875793457,-0.6545758247375488,0.5745058530007455,0.5142144385506126,16.771680107341684,0.9504594465449414,17,CA
ifs,IFS,06,24,24h Lead,2025-01-09 06:00:00,1.7895346879959106,2.137228488922119,-0.3476938009262085,0.5745058530007455,0.5142144385506126,16.771680107341684,0.9504594465449414,17,CA
ifs,IFS,06,24,24h Lead,2025-01-09 12:00:00,2.250133991241455,2.5005717277526855,-0.25043773651123047,0.5745058530007455,0.5142144385506126,16.771680107341684,0.9504594465449414,17,CA
ifs,IFS,06,24,24h Lead,2025-01-09 18:00:00,3.5185391902923584,3.352151870727539,0.16638731956481934,0.5745058530007455,0.5142144385506126,16.771680107341684,0.9504594465449414,17,CA
ifs,IFS,06,24,24h Lead,2025-01-10 00:00:00,2.8689558506011963,3.5184624195098877,-0.6495065689086914,0.5745058530007455,0.5142144385506126,16.771680107341684,0.9504594465449414,17,CA
ifs,IFS,06,24,24h Lead,2025-01-10 06:00:00,2.2859833240509033,3.3108174800872803,-1.024834156036377,0.5745058530007455,0.5142144385506126,16.771680107341684,0.9504594465449414,17,CA
ifs,IFS,06,24,24h Lead,2025-01-10 12:00:00,1.9479299783706665,2.8077175617218018,-0.8597875833511353,0.5745058530007455,0.5142144385506126,16.771680107341684,0.9504594465449414,17,CA
ifs,IFS,06,24,24h Lead,2025-01-10 18:00:00,1.525532841682434,2.3510262966156006,-0.8254934549331665,0.5745058530007455,0.5142144385506126,16.771680107341684,0.9504594465449414,17,CA
ifs,IFS,06,24,24h Lead,2025-01-11 00:00:00,1.6136109828948975,2.4272005558013916,-0.8135895729064941,0.5745058530007455,0.5142144385506126,16.771680107341684,0.9504594465449414,17,CA
ifs,IFS,05,48,48h Lead,2025-01-07 00:00:00,2.090522050857544,2.54606294631958,-0.45554089546203613,0.6936884691489063,0.6054531055338243,19.993455537019074,0.9437559974487592,17,CA
ifs,IFS,05,48,48h Lead,2025-01-07 06:00:00,2.133439064025879,2.594547986984253,-0.461108922958374,0.6936884691489063,0.6054531055338243,19.993455537019074,0.9437559974487592,17,CA
ifs,IFS,05,48,48h Lead,2025-01-07 12:00:00,2.7460381984710693,3.5026187896728516,-0.7565805912017822,0.6936884691489063,0.6054531055338243,19.993455537019074,0.9437559974487592,17,CA
ifs,IFS,05,48,48h Lead,2025-01-07 18:00:00,3.918243169784546,4.4944353103637695,-0.5761921405792236,0.6936884691489063,0.6054531055338243,19.993455537019074,0.9437559974487592,17,CA
ifs,IFS,05,48,48h Lead,2025-01-08 00:00:00,4.76479434967041,4.685354709625244,0.07943964004516602,0.6936884691489063,0.6054531055338243,19.993455537019074,0.9437559974487592,17,CA
ifs,IFS,05,48,48h Lead,2025-01-08 06:00:00,4.454129695892334,4.799880504608154,-0.3457508087158203,0.6936884691489063,0.6054531055338243,19.993455537019074,0.9437559974487592,17,CA
ifs,IFS,05,48,48h Lead,2025-01-08 12:00:00,4.088834762573242,4.359892845153809,-0.2710580825805664,0.6936884691489063,0.6054531055338243,19.993455537019074,0.9437559974487592,17,CA
ifs,IFS,05,48,48h Lead,2025-01-08 18:00:00,3.4180030822753906,3.9063727855682373,-0.4883697032928467,0.6936884691489063,0.6054531055338243,19.993455537019074,0.9437559974487592,17,CA
ifs,IFS,05,48,48h Lead,2025-01-09 00:00:00,2.680962324142456,2.978489875793457,-0.297527551651001,0.6936884691489063,0.6054531055338243,19.993455537019074,0.9437559974487592,17,CA
ifs,IFS,05,48,48h Lead,2025-01-09 06:00:00,1.8936047554016113,2.137228488922119,-0.2436237335205078,0.6936884691489063,0.6054531055338243,19.993455537019074,0.9437559974487592,17,CA
ifs,IFS,05,48,48h Lead,2025-01-09 12:00:00,2.102609634399414,2.5005717277526855,-0.3979620933532715,0.6936884691489063,0.6054531055338243,19.993455537019074,0.9437559974487592,17,CA
ifs,IFS,05,48,48h Lead,2025-01-09 18:00:00,2.603609085083008,3.352151870727539,-0.7485427856445312,0.6936884691489063,0.6054531055338243,19.993455537019074,0.9437559974487592,17,CA
ifs,IFS,05,48,48h Lead,2025-01-10 00:00:00,2.401672124862671,3.5184624195098877,-1.1167902946472168,0.6936884691489063,0.6054531055338243,19.993455537019074,0.9437559974487592,17,CA
ifs,IFS,05,48,48h Lead,2025-01-10 06:00:00,2.1990959644317627,3.3108174800872803,-1.1117215156555176,0.6936884691489063,0.6054531055338243,19.993455537019074,0.9437559974487592,17,CA
ifs,IFS,05,48,48h Lead,2025-01-10 12:00:00,1.790120244026184,2.8077175617218018,-1.0175973176956177,0.6936884691489063,0.6054531055338243,19.993455537019074,0.9437559974487592,17,CA
ifs,IFS,05,48,48h Lead,2025-01-10 18:00:00,1.0883680582046509,2.3510262966156006,-1.2626582384109497,0.6936884691489063,0.6054531055338243,19.993455537019074,0.9437559974487592,17,CA
ifs,IFS,05,48,48h Lead,2025-01-11 00:00:00,1.764962077140808,2.4272005558013916,-0.6622384786605835,0.6936884691489063,0.6054531055338243,19.993455537019074,0.9437559974487592,17,CA
ifs,IFS,03,96,96h Lead,2025-01-07 00:00:00,1.5592501163482666,2.54606294631958,-0.9868128299713135,0.9938194431326712,0.8539841806187349,26.39893003513012,0.6768977334547082,17,CA
ifs,IFS,03,96,96h Lead,2025-01-07 06:00:00,1.4086987972259521,2.594547986984253,-1.1858491897583008,0.9938194431326712,0.8539841806187349,26.39893003513012,0.6768977334547082,17,CA
ifs,IFS,03,96,96h Lead,2025-01-07 12:00:00,1.9756289720535278,3.5026187896728516,-1.5269898176193237,0.9938194431326712,0.8539841806187349,26.39893003513012,0.6768977334547082,17,CA
ifs,IFS,03,96,96h Lead,2025-01-07 18:00:00,2.876051187515259,4.4944353103637695,-1.6183841228485107,0.9938194431326712,0.8539841806187349,26.39893003513012,0.6768977334547082,17,CA
ifs,IFS,03,96,96h Lead,2025-01-08 00:00:00,4.544512748718262,4.685354709625244,-0.14084196090698242,0.9938194431326712,0.8539841806187349,26.39893003513012,0.6768977334547082,17,CA
ifs,IFS,03,96,96h Lead,2025-01-08 06:00:00,5.559499263763428,4.799880504608154,0.7596187591552734,0.9938194431326712,0.8539841806187349,26.39893003513012,0.6768977334547082,17,CA
ifs,IFS,03,96,96h Lead,2025-01-08 12:00:00,5.388553142547607,4.359892845153809,1.0286602973937988,0.9938194431326712,0.8539841806187349,26.39893003513012,0.6768977334547082,17,CA
ifs,IFS,03,96,96h Lead,2025-01-08 18:00:00,5.719178199768066,3.9063727855682373,1.812805414199829,0.9938194431326712,0.8539841806187349,26.39893003513012,0.6768977334547082,17,CA
ifs,IFS,03,96,96h Lead,2025-01-09 00:00:00,4.184484004974365,2.978489875793457,1.2059941291809082,0.9938194431326712,0.8539841806187349,26.39893003513012,0.6768977334547082,17,CA
ifs,IFS,03,96,96h Lead,2025-01-09 06:00:00,3.192261219024658,2.137228488922119,1.055032730102539,0.9938194431326712,0.8539841806187349,26.39893003513012,0.6768977334547082,17,CA
ifs,IFS,03,96,96h Lead,2025-01-09 12:00:00,2.9629015922546387,2.5005717277526855,0.4623298645019531,0.9938194431326712,0.8539841806187349,26.39893003513012,0.6768977334547082,17,CA
ifs,IFS,03,96,96h Lead,2025-01-09 18:00:00,3.0580928325653076,3.352151870727539,-0.29405903816223145,0.9938194431326712,0.8539841806187349,26.39893003513012,0.6768977334547082,17,CA
ifs,IFS,03,96,96h Lead,2025-01-10 00:00:00,2.6737241744995117,3.5184624195098877,-0.844738245010376,0.9938194431326712,0.8539841806187349,26.39893003513012,0.6768977334547082,17,CA
ifs,IFS,03,96,96h Lead,2025-01-10 06:00:00,2.4818499088287354,3.3108174800872803,-0.8289675712585449,0.9938194431326712,0.8539841806187349,26.39893003513012,0.6768977334547082,17,CA
ifs,IFS,03,96,96h Lead,2025-01-10 12:00:00,2.4576637744903564,2.8077175617218018,-0.3500537872314453,0.9938194431326712,0.8539841806187349,26.39893003513012,0.6768977334547082,17,CA
ifs,IFS,03,96,96h Lead,2025-01-10 18:00:00,2.28507924079895,2.3510262966156006,-0.06594705581665039,0.9938194431326712,0.8539841806187349,26.39893003513012,0.6768977334547082,17,CA
ifs,IFS,03,96,96h Lead,2025-01-11 00:00:00,2.076554298400879,2.4272005558013916,-0.3506462574005127,0.9938194431326712,0.8539841806187349,26.39893003513012,0.6768977334547082,17,CA
ifs,IFS,01,144,144h Lead,2025-01-07 00:00:00,1.8150274753570557,2.54606294631958,-0.7310354709625244,0.9087156079313963,0.7725790949428782,22.374814972203293,0.7938571507192452,17,CA
ifs,IFS,01,144,144h Lead,2025-01-07 06:00:00,1.886880874633789,2.594547986984253,-0.7076671123504639,0.9087156079313963,0.7725790949428782,22.374814972203293,0.7938571507192452,17,CA
ifs,IFS,01,144,144h Lead,2025-01-07 12:00:00,2.2124104499816895,3.5026187896728516,-1.290208339691162,0.9087156079313963,0.7725790949428782,22.374814972203293,0.7938571507192452,17,CA
ifs,IFS,01,144,144h Lead,2025-01-07 18:00:00,2.4527621269226074,4.4944353103637695,-2.041673183441162,0.9087156079313963,0.7725790949428782,22.374814972203293,0.7938571507192452,17,CA
ifs,IFS,01,144,144h Lead,2025-01-08 00:00:00,4.15548849105835,4.685354709625244,-0.5298662185668945,0.9087156079313963,0.7725790949428782,22.374814972203293,0.7938571507192452,17,CA
ifs,IFS,01,144,144h Lead,2025-01-08 06:00:00,4.2838029861450195,4.799880504608154,-0.5160775184631348,0.9087156079313963,0.7725790949428782,22.374814972203293,0.7938571507192452,17,CA
ifs,IFS,01,144,144h Lead,2025-01-08 12:00:00,3.1712896823883057,4.359892845153809,-1.188603162765503,0.9087156079313963,0.7725790949428782,22.374814972203293,0.7938571507192452,17,CA
ifs,IFS,01,144,144h Lead,2025-01-08 18:00:00,2.8262135982513428,3.9063727855682373,-1.0801591873168945,0.9087156079313963,0.7725790949428782,22.374814972203293,0.7938571507192452,17,CA
ifs,IFS,01,144,144h Lead,2025-01-09 00:00:00,2.308762311935425,2.978489875793457,-0.6697275638580322,0.9087156079313963,0.7725790949428782,22.374814972203293,0.7938571507192452,17,CA
ifs,IFS,01,144,144h Lead,2025-01-09 06:00:00,2.3122079372406006,2.137228488922119,0.17497944831848145,0.9087156079313963,0.7725790949428782,22.374814972203293,0.7938571507192452,17,CA
ifs,IFS,01,144,144h Lead,2025-01-09 12:00:00,2.2283570766448975,2.5005717277526855,-0.2722146511077881,0.9087156079313963,0.7725790949428782,22.374814972203293,0.7938571507192452,17,CA
ifs,IFS,01,144,144h Lead,2025-01-09 18:00:00,2.323676586151123,3.352151870727539,-1.028475284576416,0.9087156079313963,0.7725790949428782,22.374814972203293,0.7938571507192452,17,CA
ifs,IFS,01,144,144h Lead,2025-01-10 00:00:00,2.3845057487487793,3.5184624195098877,-1.1339566707611084,0.9087156079313963,0.7725790949428782,22.374814972203293,0.7938571507192452,17,CA
ifs,IFS,01,144,144h Lead,2025-01-10 06:00:00,2.4270718097686768,3.3108174800872803,-0.8837456703186035,0.9087156079313963,0.7725790949428782,22.374814972203293,0.7938571507192452,17,CA
ifs,IFS,01,144,144h Lead,2025-01-10 12:00:00,2.352891206741333,2.8077175617218018,-0.45482635498046875,0.9087156079313963,0.7725790949428782,22.374814972203293,0.7938571507192452,17,CA
ifs,IFS,01,144,144h Lead,2025-01-10 18:00:00,2.385185956954956,2.3510262966156006,0.03415966033935547,0.9087156079313963,0.7725790949428782,22.374814972203293,0.7938571507192452,17,CA
ifs,IFS,01,144,144h Lead,2025-01-11 00:00:00,2.030731439590454,2.4272005558013916,-0.3964691162109375,0.9087156079313963,0.7725790949428782,22.374814972203293,0.7938571507192452,17,CA
nbm,NBM,07,0,0h Lead,2025-01-07 06:00:00,3.039340019226074,2.594547986984253,0.4447920322418213,0.6988172031354399,0.6077785640954971,17.51013928825536,0.9508186018058844,16,CA
nbm,NBM,07,0,0h Lead,2025-01-07 12:00:00,3.99855637550354,3.5026187896728516,0.4959375858306885,0.6988172031354399,0.6077785640954971,17.51013928825536,0.9508186018058844,16,CA
nbm,NBM,07,0,0h Lead,2025-01-07 18:00:00,5.672904968261719,4.4944353103637695,1.1784696578979492,0.6988172031354399,0.6077785640954971,17.51013928825536,0.9508186018058844,16,CA
nbm,NBM,07,0,0h Lead,2025-01-08 00:00:00,5.822428226470947,4.685354709625244,1.1370735168457031,0.6988172031354399,0.6077785640954971,17.51013928825536,0.9508186018058844,16,CA
nbm,NBM,07,0,0h Lead,2025-01-08 06:00:00,6.006702899932861,4.799880504608154,1.206822395324707,0.6988172031354399,0.6077785640954971,17.51013928825536,0.9508186018058844,16,CA
nbm,NBM,07,0,0h Lead,2025-01-08 12:00:00,5.196390628814697,4.359892845153809,0.8364977836608887,0.6988172031354399,0.6077785640954971,17.51013928825536,0.9508186018058844,16,CA
nbm,NBM,07,0,0h Lead,2025-01-08 18:00:00,4.944985866546631,3.9063727855682373,1.0386130809783936,0.6988172031354399,0.6077785640954971,17.51013928825536,0.9508186018058844,16,CA
nbm,NBM,07,0,0h Lead,2025-01-09 00:00:00,3.4607889652252197,2.978489875793457,0.4822990894317627,0.6988172031354399,0.6077785640954971,17.51013928825536,0.9508186018058844,16,CA
nbm,NBM,07,0,0h Lead,2025-01-09 06:00:00,2.8205206394195557,2.137228488922119,0.6832921504974365,0.6988172031354399,0.6077785640954971,17.51013928825536,0.9508186018058844,16,CA
nbm,NBM,07,0,0h Lead,2025-01-09 12:00:00,2.773085832595825,2.5005717277526855,0.27251410484313965,0.6988172031354399,0.6077785640954971,17.51013928825536,0.9508186018058844,16,CA
nbm,NBM,07,0,0h Lead,2025-01-09 18:00:00,3.7543697357177734,3.352151870727539,0.4022178649902344,0.6988172031354399,0.6077785640954971,17.51013928825536,0.9508186018058844,16,CA
nbm,NBM,07,0,0h Lead,2025-01-10 00:00:00,3.3107502460479736,3.5184624195098877,-0.20771217346191406,0.6988172031354399,0.6077785640954971,17.51013928825536,0.9508186018058844,16,CA
nbm,NBM,07,0,0h Lead,2025-01-10 06:00:00,3.0232534408569336,3.3108174800872803,-0.2875640392303467,0.6988172031354399,0.6077785640954971,17.51013928825536,0.9508186018058844,16,CA
nbm,NBM,07,0,0h Lead,2025-01-10 12:00:00,2.4354732036590576,2.8077175617218018,-0.37224435806274414,0.6988172031354399,0.6077785640954971,17.51013928825536,0.9508186018058844,16,CA
nbm,NBM,07,0,0h Lead,2025-01-10 18:00:00,1.9044084548950195,2.3510262966156006,-0.44661784172058105,0.6988172031354399,0.6077785640954971,17.51013928825536,0.9508186018058844,16,CA
nbm,NBM,07,0,0h Lead,2025-01-11 00:00:00,2.195411205291748,2.4272005558013916,-0.23178935050964355,0.6988172031354399,0.6077785640954971,17.51013928825536,0.9508186018058844,16,CA
nbm,NBM,06,24,24h Lead,2025-01-07 00:00:00,2.6765661239624023,2.54606294631958,0.13050317764282227,0.5417781505318775,0.48436058268827553,14.587123778079224,0.9203108079158323,17,CA
nbm,NBM,06,24,24h Lead,2025-01-07 06:00:00,2.9056973457336426,2.594547986984253,0.31114935874938965,0.5417781505318775,0.48436058268827553,14.587123778079224,0.9203108079158323,17,CA
nbm,NBM,06,24,24h Lead,2025-01-07 12:00:00,3.6681621074676514,3.5026187896728516,0.1655433177947998,0.5417781505318775,0.48436058268827553,14.587123778079224,0.9203108079158323,17,CA
nbm,NBM,06,24,24h Lead,2025-01-07 18:00:00,5.415004253387451,4.4944353103637695,0.9205689430236816,0.5417781505318775,0.48436058268827553,14.587123778079224,0.9203108079158323,17,CA
nbm,NBM,06,24,24h Lead,2025-01-08 00:00:00,5.453673839569092,4.685354709625244,0.7683191299438477,0.5417781505318775,0.48436058268827553,14.587123778079224,0.9203108079158323,17,CA
nbm,NBM,06,24,24h Lead,2025-01-08 06:00:00,5.418303966522217,4.799880504608154,0.6184234619140625,0.5417781505318775,0.48436058268827553,14.587123778079224,0.9203108079158323,17,CA
nbm,NBM,06,24,24h Lead,2025-01-08 12:00:00,4.845888137817383,4.359892845153809,0.4859952926635742,0.5417781505318775,0.48436058268827553,14.587123778079224,0.9203108079158323,17,CA
nbm,NBM,06,24,24h Lead,2025-01-08 18:00:00,4.686774730682373,3.9063727855682373,0.7804019451141357,0.5417781505318775,0.48436058268827553,14.587123778079224,0.9203108079158323,17,CA
nbm,NBM,06,24,24h Lead,2025-01-09 00:00:00,3.5089457035064697,2.978489875793457,0.5304558277130127,0.5417781505318775,0.48436058268827553,14.587123778079224,0.9203108079158323,17,CA
nbm,NBM,06,24,24h Lead,2025-01-09 06:00:00,2.744727611541748,2.137228488922119,0.6074991226196289,0.5417781505318775,0.48436058268827553,14.587123778079224,0.9203108079158323,17,CA
nbm,NBM,06,24,24h Lead,2025-01-09 12:00:00,2.718226432800293,2.5005717277526855,0.21765470504760742,0.5417781505318775,0.48436058268827553,14.587123778079224,0.9203108079158323,17,CA
nbm,NBM,06,24,24h Lead,2025-01-09 18:00:00,3.1766951084136963,3.352151870727539,-0.17545676231384277,0.5417781505318775,0.48436058268827553,14.587123778079224,0.9203108079158323,17,CA
nbm,NBM,06,24,24h Lead,2025-01-10 00:00:00,2.678834915161133,3.5184624195098877,-0.8396275043487549,0.5417781505318775,0.48436058268827553,14.587123778079224,0.9203108079158323,17,CA
nbm,NBM,06,24,24h Lead,2025-01-10 06:00:00,2.7727766036987305,3.3108174800872803,-0.5380408763885498,0.5417781505318775,0.48436058268827553,14.587123778079224,0.9203108079158323,17,CA
nbm,NBM,06,24,24h Lead,2025-01-10 12:00:00,2.3219387531280518,2.8077175617218018,-0.48577880859375,0.5417781505318775,0.48436058268827553,14.587123778079224,0.9203108079158323,17,CA
nbm,NBM,06,24,24h Lead,2025-01-10 18:00:00,1.9615364074707031,2.3510262966156006,-0.38948988914489746,0.5417781505318775,0.48436058268827553,14.587123778079224,0.9203108079158323,17,CA
nbm,NBM,06,24,24h Lead,2025-01-11 00:00:00,2.1579787731170654,2.4272005558013916,-0.26922178268432617,0.5417781505318775,0.48436058268827553,14.587123778079224,0.9203108079158323,17,CA
nbm,NBM,05,48,48h Lead,2025-01-07 00:00:00,2.4169113636016846,2.54606294631958,-0.1291515827178955,0.5349382051387592,0.39918164645924287,12.774065647899317,0.882638350353691,17,CA
nbm,NBM,05,48,48h Lead,2025-01-07 06:00:00,2.629028081893921,2.594547986984253,0.03448009490966797,0.5349382051387592,0.39918164645924287,12.774065647899317,0.882638350353691,17,CA
nbm,NBM,05,48,48h Lead,2025-01-07 12:00:00,3.071925640106201,3.5026187896728516,-0.4306931495666504,0.5349382051387592,0.39918164645924287,12.774065647899317,0.882638350353691,17,CA
nbm,NBM,05,48,48h Lead,2025-01-07 18:00:00,4.415261745452881,4.4944353103637695,-0.07917356491088867,0.5349382051387592,0.39918164645924287,12.774065647899317,0.882638350353691,17,CA
nbm,NBM,05,48,48h Lead,2025-01-08 00:00:00,4.934879779815674,4.685354709625244,0.2495250701904297,0.5349382051387592,0.39918164645924287,12.774065647899317,0.882638350353691,17,CA
nbm,NBM,05,48,48h Lead,2025-01-08 06:00:00,5.451096057891846,4.799880504608154,0.6512155532836914,0.5349382051387592,0.39918164645924287,12.774065647899317,0.882638350353691,17,CA
nbm,NBM,05,48,48h Lead,2025-01-08 12:00:00,4.993246078491211,4.359892845153809,0.6333532333374023,0.5349382051387592,0.39918164645924287,12.774065647899317,0.882638350353691,17,CA
nbm,NBM,05,48,48h Lead,2025-01-08 18:00:00,5.149884223937988,3.9063727855682373,1.243511438369751,0.5349382051387592,0.39918164645924287,12.774065647899317,0.882638350353691,17,CA
nbm,NBM,05,48,48h Lead,2025-01-09 00:00:00,3.7401392459869385,2.978489875793457,0.7616493701934814,0.5349382051387592,0.39918164645924287,12.774065647899317,0.882638350353691,17,CA
nbm,NBM,05,48,48h Lead,2025-01-09 06:00:00,3.2317607402801514,2.137228488922119,1.0945322513580322,0.5349382051387592,0.39918164645924287,12.774065647899317,0.882638350353691,17,CA
nbm,NBM,05,48,48h Lead,2025-01-09 12:00:00,2.8775458335876465,2.5005717277526855,0.37697410583496094,0.5349382051387592,0.39918164645924287,12.774065647899317,0.882638350353691,17,CA
nbm,NBM,05,48,48h Lead,2025-01-09 18:00:00,3.245372772216797,3.352151870727539,-0.10677909851074219,0.5349382051387592,0.39918164645924287,12.774065647899317,0.882638350353691,17,CA
nbm,NBM,05,48,48h Lead,2025-01-10 00:00:00,3.2228927612304688,3.5184624195098877,-0.29556965827941895,0.5349382051387592,0.39918164645924287,12.774065647899317,0.882638350353691,17,CA
nbm,NBM,05,48,48h Lead,2025-01-10 06:00:00,3.336839437484741,3.3108174800872803,0.026021957397460938,0.5349382051387592,0.39918164645924287,12.774065647899317,0.882638350353691,17,CA
nbm,NBM,05,48,48h Lead,2025-01-10 12:00:00,2.9978859424591064,2.8077175617218018,0.1901683807373047,0.5349382051387592,0.39918164645924287,12.774065647899317,0.882638350353691,17,CA
nbm,NBM,05,48,48h Lead,2025-01-10 18:00:00,2.7486464977264404,2.3510262966156006,0.39762020111083984,0.5349382051387592,0.39918164645924287,12.774065647899317,0.882638350353691,17,CA
nbm,NBM,05,48,48h Lead,2025-01-11 00:00:00,2.341531276702881,2.4272005558013916,-0.08566927909851074,0.5349382051387592,0.39918164645924287,12.774065647899317,0.882638350353691,17,CA
nbm,NBM,03,96,96h Lead,2025-01-07 00:00:00,2.475895881652832,2.54606294631958,-0.07016706466674805,0.35986549874576307,0.2844849754782284,9.449224170128366,0.9156984787123537,17,CA
nbm,NBM,03,96,96h Lead,2025-01-07 06:00:00,2.9045631885528564,2.594547986984253,0.3100152015686035,0.35986549874576307,0.2844849754782284,9.449224170128366,0.9156984787123537,17,CA
nbm,NBM,03,96,96h Lead,2025-01-07 12:00:00,3.222583293914795,3.5026187896728516,-0.28003549575805664,0.35986549874576307,0.2844849754782284,9.449224170128366,0.9156984787123537,17,CA
nbm,NBM,03,96,96h Lead,2025-01-07 18:00:00,4.239958763122559,4.4944353103637695,-0.25447654724121094,0.35986549874576307,0.2844849754782284,9.449224170128366,0.9156984787123537,17,CA
nbm,NBM,03,96,96h Lead,2025-01-08 00:00:00,4.344934463500977,4.685354709625244,-0.3404202461242676,0.35986549874576307,0.2844849754782284,9.449224170128366,0.9156984787123537,17,CA
nbm,NBM,03,96,96h Lead,2025-01-08 06:00:00,4.753905773162842,4.799880504608154,-0.0459747314453125,0.35986549874576307,0.2844849754782284,9.449224170128366,0.9156984787123537,17,CA
nbm,NBM,03,96,96h Lead,2025-01-08 12:00:00,4.075277328491211,4.359892845153809,-0.28461551666259766,0.35986549874576307,0.2844849754782284,9.449224170128366,0.9156984787123537,17,CA
nbm,NBM,03,96,96h Lead,2025-01-08 18:00:00,3.8889405727386475,3.9063727855682373,-0.017432212829589844,0.35986549874576307,0.2844849754782284,9.449224170128366,0.9156984787123537,17,CA
nbm,NBM,03,96,96h Lead,2025-01-09 00:00:00,2.9567413330078125,2.978489875793457,-0.02174854278564453,0.35986549874576307,0.2844849754782284,9.449224170128366,0.9156984787123537,17,CA
nbm,NBM,03,96,96h Lead,2025-01-09 06:00:00,2.9380767345428467,2.137228488922119,0.8008482456207275,0.35986549874576307,0.2844849754782284,9.449224170128366,0.9156984787123537,17,CA
nbm,NBM,03,96,96h Lead,2025-01-09 12:00:00,2.7401907444000244,2.5005717277526855,0.23961901664733887,0.35986549874576307,0.2844849754782284,9.449224170128366,0.9156984787123537,17,CA
nbm,NBM,03,96,96h Lead,2025-01-09 18:00:00,2.956329107284546,3.352151870727539,-0.39582276344299316,0.35986549874576307,0.2844849754782284,9.449224170128366,0.9156984787123537,17,CA
nbm,NBM,03,96,96h Lead,2025-01-10 00:00:00,2.7304718494415283,3.5184624195098877,-0.7879905700683594,0.35986549874576307,0.2844849754782284,9.449224170128366,0.9156984787123537,17,CA
nbm,NBM,03,96,96h Lead,2025-01-10 06:00:00,2.901984930038452,3.3108174800872803,-0.4088325500488281,0.35986549874576307,0.2844849754782284,9.449224170128366,0.9156984787123537,17,CA
nbm,NBM,03,96,96h Lead,2025-01-10 12:00:00,2.5742719173431396,2.8077175617218018,-0.2334456443786621,0.35986549874576307,0.2844849754782284,9.449224170128366,0.9156984787123537,17,CA
nbm,NBM,03,96,96h Lead,2025-01-10 18:00:00,2.5164990425109863,2.3510262966156006,0.16547274589538574,0.35986549874576307,0.2844849754782284,9.449224170128366,0.9156984787123537,17,CA
nbm,NBM,03,96,96h Lead,2025-01-11 00:00:00,2.247873067855835,2.4272005558013916,-0.17932748794555664,0.35986549874576307,0.2844849754782284,9.449224170128366,0.9156984787123537,17,CA
nbm,NBM,01,144,144h Lead,2025-01-07 00:00:00,2.3818252086639404,2.54606294631958,-0.16423773765563965,0.7036406850939805,0.5854630750768325,16.19410590420723,0.8992109853427945,17,CA
nbm,NBM,01,144,144h Lead,2025-01-07 06:00:00,2.669760227203369,2.594547986984253,0.07521224021911621,0.7036406850939805,0.5854630750768325,16.19410590420723,0.8992109853427945,17,CA
nbm,NBM,01,144,144h Lead,2025-01-07 12:00:00,2.808765172958374,3.5026187896728516,-0.6938536167144775,0.7036406850939805,0.5854630750768325,16.19410590420723,0.8992109853427945,17,CA
nbm,NBM,01,144,144h Lead,2025-01-07 18:00:00,3.4963650703430176,4.4944353103637695,-0.998070240020752,0.7036406850939805,0.5854630750768325,16.19410590420723,0.8992109853427945,17,CA
nbm,NBM,01,144,144h Lead,2025-01-08 00:00:00,3.5091519355773926,4.685354709625244,-1.1762027740478516,0.7036406850939805,0.5854630750768325,16.19410590420723,0.8992109853427945,17,CA
nbm,NBM,01,144,144h Lead,2025-01-08 06:00:00,3.746738910675049,4.799880504608154,-1.0531415939331055,0.7036406850939805,0.5854630750768325,16.19410590420723,0.8992109853427945,17,CA
nbm,NBM,01,144,144h Lead,2025-01-08 12:00:00,3.263521432876587,4.359892845153809,-1.0963714122772217,0.7036406850939805,0.5854630750768325,16.19410590420723,0.8992109853427945,17,CA
nbm,NBM,01,144,144h Lead,2025-01-08 18:00:00,3.238231658935547,3.9063727855682373,-0.6681411266326904,0.7036406850939805,0.5854630750768325,16.19410590420723,0.8992109853427945,17,CA
nbm,NBM,01,144,144h Lead,2025-01-09 00:00:00,2.7489302158355713,2.978489875793457,-0.22955965995788574,0.7036406850939805,0.5854630750768325,16.19410590420723,0.8992109853427945,17,CA
nbm,NBM,01,144,144h Lead,2025-01-09 06:00:00,2.667388677597046,2.137228488922119,0.5301601886749268,0.7036406850939805,0.5854630750768325,16.19410590420723,0.8992109853427945,17,CA
nbm,NBM,01,144,144h Lead,2025-01-09 12:00:00,2.388038158416748,2.5005717277526855,-0.1125335693359375,0.7036406850939805,0.5854630750768325,16.19410590420723,0.8992109853427945,17,CA
nbm,NBM,01,144,144h Lead,2025-01-09 18:00:00,2.5883991718292236,3.352151870727539,-0.7637526988983154,0.7036406850939805,0.5854630750768325,16.19410590420723,0.8992109853427945,17,CA
nbm,NBM,01,144,144h Lead,2025-01-10 00:00:00,2.4722867012023926,3.5184624195098877,-1.0461757183074951,0.7036406850939805,0.5854630750768325,16.19410590420723,0.8992109853427945,17,CA
nbm,NBM,01,144,144h Lead,2025-01-10 06:00:00,2.597783088684082,3.3108174800872803,-0.7130343914031982,0.7036406850939805,0.5854630750768325,16.19410590420723,0.8992109853427945,17,CA
nbm,NBM,01,144,144h Lead,2025-01-10 12:00:00,2.362464666366577,2.8077175617218018,-0.4452528953552246,0.7036406850939805,0.5854630750768325,16.19410590420723,0.8992109853427945,17,CA
nbm,NBM,01,144,144h Lead,2025-01-10 18:00:00,2.3502964973449707,2.3510262966156006,-0.0007297992706298828,0.7036406850939805,0.5854630750768325,16.19410590420723,0.8992109853427945,17,CA
nbm,NBM,01,144,144h Lead,2025-01-11 00:00:00,2.240757942199707,2.4272005558013916,-0.18644261360168457,0.7036406850939805,0.5854630750768325,16.19410590420723,0.8992109853427945,17,CA
